1	create	創り出す	ラテン語 creo（作り出す；生む）
2	increase	増加する	 in「その方向へ」crease「増える、成長する」
3	improve	向上させる	 im「その方向へ」prou「利益」
4	mean	意味する	meyn-（考える）
5	own	所有している	owe（借りている）の過去分詞形
6	include	含む	in「〜の内側へ」clude「閉じる」
7	consider	見なす	con-（強調）＋sidus（星）が語源。「入念に（con-）星（sidus）を見ること」
8	allow	許す	ad-（〜に）＋loco（置く）→locus（場所）「余地を与えること」
9	suggest	提案する	sub(下から)とgerere(運ぶ)
10	produce	生産する	前へ（pro-）導く（duco）こと
11	decide	決める	?de-（〜から離れて）＋caedo（切る）
12	offer	提供する　申し出る	of「その方向へ」fer「運ぶ」
13	require	要求する	 re「再び」quire「探し求める」
14	share	共有する	?sker-（切る）「分かち（skerana）合い」
15	store	保存する	sta(立てる　作る　堅くなる)
16	tend	傾向がある	ten(伸ばす）
17	concern	心配している	con-（一緒に）＋cerno（篩いにかける）
18	describe	述べる　説明する	 de「下へ」scribe「書く」＝「書き下す」
19	involve	関与させる	 in「中へ」volve「回転する」
20	reduce	減らす	?re-（〜の後ろへ）＋duco（導く）
21	design	設計する	designo（描き出す）→de-（〜から外へ）＋signo（印を付ける）
22	force	強いる	fortis（強い）
23	limit	制限[規制]する	limes(境界)
24	bear	耐える	berana（運ぶ）→bher-（運ぶ）「重荷を運ぶこと」
25	affect	影響を及ぼす	?ad-（〜へ）＋facio（作り出す）
26	deal	処理する	dailijana（分け与える）→dailiz（部分）が語源。「分配すること」
27	avoid	避ける	古期フランス語 es-（離れて）＋vuidier（空にする）→voco（空っぽの）
28	relate	関連づける	?re-（戻って）＋latus（持ってきた）「二つの点の間を行って戻って（re-）持ってくる」
29	realize	気づく	「real + -ize（動詞語尾）」＝「real（現実） にする」res(物体）
30	encourage	奨励する	en-（〜の中に）＋corage（勇気）→cor(心)
31	compare	比較する	com(一緒)とpar(等しい)原義はラテン語のcomparare(等しくする)
32	measure	測る	meh-（測る）
33	exist	存在する	ex「外へ」sist「立つ」
34	mark	印をつける	marko（境界線）→marg-（ふち）
35	challenge	異議を唱える	calumniari （非難　誹謗）
36	depend	頼る	de(〜から・下）+pend(ぶら下がる）
37	object	反対する	ob(前・〜へ・反対に）ject(投げる）
38	demand	要求する	de(完全)とmandare(命令)
39	found	設立する	?fundus（土台）
40	complete	完成させる　仕上げる	com「強意」ple「満たす」
41	idea	考え　思いつき	idein（見る）→姿・形→心の目でしか見えない真実の姿→考え→理想
42	accord	一致	ac「その方向へ」cor「心」＝「心がひとつになる」
43	company	会社	「com（共に）」と「panis（パンを食べる）」+「-y」＝「一緒にパンを食べる仲間」
44	interest	興味	 inter「間の」est「存在する」
45	research	研究　調査	re-（強調）＋search（探す）→?circo（歩き回る）
46	cause	原因	ラテン語causa（原因）
47	reason	理由	古期フランス語 raison（論理）→ratio（計算）
48	effect	影響	ef「外へ」fect「つくる」
49	influence	影響（力）	中に（in-）流れ（fluo）ていること（-entia）
50	situation	状況	置かれた（situatus）こと（-io）　situs（場所・位置）
51	environment	環境	 英語 environ（取り囲む）＋-ment（こと）→en-（中に）＋viron（回転）
52	skill	技能	古ノルド語 skil（優れた識別能力）→skilja（区別）→skelH-（切り分ける）
53	matter	事柄	materia（物質）→mater（源）＋-ia（こと）→mehter（母）
54	view	見解	ラテン語 videre「見る」
55	value	価値	valere「強さがある」「価値がある」
56	species	（生物の）種	species（形、外観、種）＝「見てわかる」
57	thought	考え	teng-（思う）「思考」
58	knowledge	知識	 know （知る）の名詞形
59	memory	記憶（力）	?memor（覚えている）＋-ia（抽象名詞）→?mer-（覚えている）
60	practice	実践　実行	ギリシャ語　praktikos　（実践的な）
61	benefit	利益　恩恵	bene「よい」fic「する」
62	theory	学説	古代ギリシャ語 theoria（見解）　thea(一見）
63	issue	問題（点）	issir（外へ出る）
64	experiment	実験	「exper(i)」（試みる）＋「ment」
65	article	記事	articulus（体の構成要素の一つ）→artus（関節）＋-culus（小さい）
66	focus	焦点	ラテン語で「炉・火」を意味する
67	subject	話題	sub「下に」ject「投げる」
68	project	計画	pro「前に」ject「投げる」
69	quality	質	quali「質」ity「こと」
70	role	役割	 rolle（役者の演じるパートの書かれた巻物）
71	term	（専門）用語	範囲が限られていること（terminus）
72	statement	声明	state（述べる）＋-ment（こと）
73	material	材料　素材	materia（物質）→mater（源）＋-ia（こと）→mehter（母）
74	evidence	証拠	e-（外に）+videre（見える)
75	source	源　根源	surgere （昇る　起きる）
76	community	（共同）社会　〜界	ラテン語Communis「共有」
77	technology	科学技術	tekhne（技術）＋-logia（研究）→tek-（織る）
78	culture	文化	「耕す」を意味するラテン語「colere」
79	appropriate	適切な	〜へ（ad-）適した（proper）こと、〜へ（ad-）自分のにする（proprio）こと
80	likely	ありそうな	?like（〜のような）＋-ly（〜のような）→??like（似ている）
81	possible	可能な	poti(力のある、主・神）
82	individual	個々の	in-（否定）＋divido（分ける）
83	public	公の	?populus（人々）＋-icus（〜の）
84	common	共通の	 com「共に」mon「変わる」/kom（全体で）＋mey-（交換する）
85	certain	確信して	certus（確信した）→?cerno（ふるいにかける）
86	similar	似ている　類似した	similis（似ている）→sem-（一緒に）
87	recent	最近の	re-（後ろに）＋ken-（新しい）
88	major	主要な　大きい（ほうの）	?magnus（大きい）＋-ior（比較級）
89	patient	忍耐強い	ラテン語L.patior/pati「(精神的に)苦しむ」
90	particular	特定の	pars（部分）＋-cula（小さい）
91	physical	身体の	phusis（自然）＋-ikos（〜の）→phuo（生み出す）＋-sis（こと）
92	various	さまざまな	varius（まだら模様の）
93	available	手に入れる	avail(利用する)とable(可能である)
94	native	出生地の	 nat「生まれる」ive「性質」＝「生まれたままの」
95	political	政治（上）の	?politicus（市民政治の）＋al　（politikos（市民の）→polis（都市））
96	due	予定された	debeo（義務を負っている）
97	blank	空白の	古期フランス語 blanc（白い）→bhel-（輝く）
98	ancient	古代の	ante（先に）＋-anus（〜の）→hent-（前に）＝ 「先の時代の」
99	correct	正しい	 co「強意/完全に」rect「まっすぐな」
100	despite	〜にもかかわらず	de「下へ」spect「見る」
101	notice	気づく	nosco（知る）
102	refer	言及する　関連する	re「反対に」fer「運ぶ」
103	approach	近づく	ad-（〜に）＋propio（近づく）→pro-（前へ）
104	wonder	かなと思う	古期英語 wundor（驚くべきこと）→wundra（奇跡）→wenh-（願う）＝「関心を抱くようなこと」
105	imagine	想像する	imago（像；イメージ）←（模写する）＝「心に思い描くこと」
106	recognize	識別できる	 re「再び」cogni「知る」ize「する」
107	solve	解く　解明する	 se「それ自身」lve「ほどく」＝「それ自身を解きほぐす」
108	occur	起こる	?ob-（〜に対して）＋curro（走る）
109	argue	主張する	arguo（明白にする）→herg-（銀白の）＝「明白にすること」
110	claim	主張する	叫ぶ
111	express	表す　述べる	ex「外へ」press「押す」＝「物や感情を押し出す」
112	draw	引き出す	dhregh（引く）
113	waste	浪費する　無駄にする	"wasto（離れる　見捨てる, give out)　"
114	advance	進歩させる	"古期フランス語 avancer（前進する）→abante（前から）
→ab-（〜から）＋ante（前に）=「時間的に前から後ろへ進むこと」"
115	spread	広める	sper-（まき散らす）
116	prepare	準備する	prae-（前に）＋paro（準備する）
117	gain	獲得する	ゲルマン祖語 gagna（利益）
118	achieve	達成する	ラテン語 ad-（方へ）＋caput（頭）
119	establish	確立する	e+ st「立つ」
120	supply	供給する	下から上へ（sub-）満たす（pleo）こと
121	suppose	思う	 sup「下に」pose「置く」＝「心の奥 (＝下) に思いを置く」
122	perform	行う	par-（完全に）＋fornir（供給する）
123	prefer	ほうを好む	pre「前に」fer「運ぶ」
124	determine	決定する	 de「離れる」term「終わり」
125	treat	扱う	tracto（巧みに扱う）→?traho（引きずる）＋-to（反復）
126	prove	証明する	 pro 「〜に向かって（for）」+ b?uH- 「ある（be）/〜になる（become）」
127	apply	適用[応用]する	ap「その方向へ」ply「折る」が語源で、「折り合わせる」
128	mention	言及する	mens（心）＋-o（名詞語尾）＝ 「心へ呼び起こすこと」
129	communicate	情報交換をする	com「共に」mun「変わる」ate「する」/communis（分かち合う）
130	contain	含む	 con「共に」tain「つかんで離さない」
131	contact	連絡を取る	?com-（一緒に）＋tango（触れる）
132	regard	見なす	re-（再び/強意）＋guarder（じっと見る）/re（再び）とguard（守る）
133	respect	尊敬する	re- ?(再び/後ろ?) + specere ?(見る)
134	search	捜す	??cerchier（探す）→?circo（歩き回る）→?circus（円）
135	connect	つなぐ	 con「共に」nect「結びつける」
136	decline	減少する	de-（〜から下へ）＋clino（傾く）
137	prevent	妨げる	 pre- 「前に」+ veni? 「来る」
138	suffer	苦しむ	sub-（下に）＋fero（運ぶ）
139	survive	切り抜けて生き残る	sur「超えて」vive「生きる」
140	publish	出版する	publ「人々」＝「人々に知らせる」
141	opportunity	機会	ob「その方向へ」port「港」ity「こと」＝「港へ風が都合よく運ぶこと」
142	task	（課せられた）仕事　作業	 tasca（義務　評価）
143	industry	産業	?industrius（建設的な）→?indu（〜の中に）＋struo（建設する）
144	medium	（情報伝達の）媒体	?medius（中間の）→?me（真ん中に）
145	economy	経済（状態）	??oikonomia（家計のやりくり）→??oikos（一家の財産）＋nemo（分配する）
146	policy	政策　方針	polites（市民）＋-ia（抽象名詞）→??polis（都市）
147	account	説明	 「ア（ac：〜へ）」と「カウント（count；数える）＝「数え入れる」
148	trade	貿易	trado（通り道）
149	model	模範	 modulus　（ちいさな計り　尺度）
150	figure	数字	fingo（形づくる）＋-tura（こと）＝（練る） 「形づくられたもの」
151	cell	細胞	ラテン語 cella（小部屋）
152	image	印象	imago（像；イメージ）
153	emotion	感情　情動	心を外へ（ex-）動かす（moveo）こと（-ion）
154	stress	ストレス	stringo（圧迫する；ピンと張る）→streyg-（押し付ける）＝「圧力を加えること」
155	decade	10年間	deka（10）
156	range	範囲	rengier（一列に並べる）→??rang（線）
157	character	性格　個性	kharasso（刻む）＋-ter（動作主）「刻まれた特徴」
158	advantage	利点	avant（前に）＋-age（こと）
159	phrase	句	phrazein（伝える　宣言する　知らせる）
160	damage	損害　損傷	 damnum （損失、　傷　けが　損傷）
161	impact	影響	?im-（〜の中に）＋pango（杭を押し込む）
162	method	方法	meta（〜の後を追って）＋hodos（道）＝「同じ結果を追うための正しい道筋」
163	resource	資源	?re-（再び）＋surgo（湧き上がる）
164	region	地域	 reg「導く」＝「民を導き従える王国の領土」
165	medicine	薬	medeor（治癒する）＋-icus（〜している）→med-（助言する）
166	detail	詳細（な情報）細部	de「離れる」tail「切る」＝「細かく切り離されたもの」
167	feature	特徴	 feat「つくる」ure「こと」＝「性質をつくり上げるもの」
168	function	機能	funct(行う)
169	access	利用　入手	ac「その方向へ」cess「進む」
170	item	品目　項目	?item（同様に）
171	income	収入	?in-（〜の中に）＋come（来る）
172	attitude	態度	?actito（頻繁に行う）＋-tudo（抽象名詞）
173	site	用地　場所	置かれた場所（situs）
174	aspect	（物事の）側面	 a「その方向へ」spect「見る」
175	structure	構造	?struo（組み立てる）＋-tura（行為の結果）
176	habit	習慣　癖	habere 「持つ、保つ」
177	link	関連　つながり	"おそらく、hlenkr""一連の輪による鎖"""
178	instance	（具体的な）例　実例	in「その方向へ」st「立つ」ance「もの、こと」
179	positive	肯定的な	posit「置く」ive「性質」
180	negative	否定的な	negare （否定する）＋-ivus（〜の）
181	complex	複雑な	com「共に」plex「折る」＝「複雑に折り込まれた」
182	current	現在の	 cur「走る」ent「性質」＝「いま走っている」
183	mental	精神の	mens（心）＋-alis（〜の）
184	specific	特定の	spect「見る」ic「性質」
185	significant	重要な　重大な	sign「しるし」ify「する」ant「性質」
186	essential	必要不可欠な	ess「存在する」ence「もの、こと」al「性質」
187	official	公用の	ope「はたらく」fic「する」al「性質」
188	financial	財政（上）の	 finer 「終わる、支払う」
189	academic	学問の	アカデモスという名の英雄神にちなんだ土地に建てたプラトンの学園「アカデミア」
190	aware	気づいて　知って	 a(強意）+ware「知覚する」
191	worth	値する	werthaz（価値のある）→wert-（交換する）
192	potential	潜在的な	poti「できる/力/神」ent「性質」al「性質」
193	active	積極的な	actus（行動した）＋-ivus（〜している）
194	digital	デジタル方式の	ラテン語「digitus」(指)
195	mobile	可動[移動]式の	moveo（動かす）＋-bilis（〜できる）
196	novel	斬新な　目新しい	nu（今）
197	plastic	柔軟な	plasso（成形する）＋-ikos（〜の）=「自由な形にできる物質」
198	chemical	化学の　化学的な	 chemic（錬金術）＋-al（〜の）
199	necessary	必要な	譲れ（cessus）ない（ne-）/ne「否定」cess「進む」ary「もの」
200	eventually	結局は	出て（ex-）来た（ventus）出来事+ally
201	identify	特定する	idem（同じ）+facio（作る）
202	represent	表す	re-（はっきりと/再び/戻す）＋praesento（示す）
203	indicate	指し示す	 in「その方向へ」dict「話す」ate「する」＝「それについて話す」
204	manage	なんとか成し遂げる	manege（馬の手綱捌き）→mano（操縦する）→manus（手）
205	attend	出席する	 at「その方向へ」tend「伸ばす」
206	maintain	維持する	main「手」tain「つかんで離さない」
207	survey	調査する	上から（sur-）全体を見る（video）こと
208	replace	取って代わる	re-（再び）＋place（置く）
209	sort	分類する	sorte(種類)
210	conduct	（調査・実験などを）実施する	con-(一緒に） +? -duct-（導く）
211	associate	結び付けて考える	 as（〜へ） + soci （友達）+ate [名詞の語尾] 
212	attempt	試みる　企てる	ad-（〜へ）＋tempto（試してみる）→?tendo（伸ばす）
213	promote	促進する	pro-（前へ）＋moveo（動かす）
214	earn	稼ぐ	earnian（労働の対価を得る）→aznona（畑仕事をする）→azno（畑仕事）
215	unite	団結させる	unio（結合）
216	feed	食べ物[乳]を与える	food（食べ物）の動詞形
217	seek	追い求める	sehg-（探し出す）
218	observe	気づく	ob-（〜に対して）＋→ser-（見守る）＝「よく見ること」
219	reveal	明らかにする	re-（逆向きに）＋velo（覆いを掛ける）
220	estimate	推定する	aestimo（評価する）→aes（銅貨）＋temos（切る）＝「価値を見積もること」
221	reflect	反映する	re-（再び）＋flecto（曲がる）
222	attract	引きつける	 at「その方向へ」tract「引っぱる」
223	decrease	減少する	de-（〜の下へ）＋cresco（成長する）
224	ignore	無視する	 ignorer(気づかない）
225	match	合う	ゲルマン祖語 makko（対等な人）
226	define	定義する	de「徹底的に」fin「境界を定める」
227	adapt	適応する	 ad（?に）apt（合わせる）
228	contribute	貢献する　一因となる	con-（一緒に）＋tribuo（与える）
229	exchange	交換する	ex「外へ」change「変える」
230	display	示す	 dis「否定」play「折る」＝「たたまれていたものを開いて見せる」
231	respond	反応する	re-（返って）＋spondeo（誓う）
232	hide	隠す	ゲルマン祖語 hudijana（隠す）
233	doubt	ではないと思う	dubito（不確かである）→?dubius（二つの間で揺れ動く）→?duo（二）
234	remove	取り除く	re-（後ろへ）＋moveo（動かす）
235	wind	（ねじなど）を巻く	windan（ひねる　ねじる、巻く）
236	assume	当然のことと思う　仮定する	ad-（〜へ）＋sumo（取る）
237	relax	くつろぐ	re-（再び）＋laxo（緩める）
238	satisfy	満足させる	satis「十分な」fy「つくる」
239	desire	強く望む	de「下へ」siren「星」＝「星の下にもたらされるもの」
240	succeed	成功する	suc「下に」ceed「進む」
241	concept	概念	conceive（ con「強意」ceive「つかみ取る」）
242	fashion	流行　ファッション	形づくられた（factus）こと（-io）
243	device	装置　機器	dis-（二つに）＋vido（分ける）＝ 「分割された複数の部分から成る装置」
244	charge	料金	chargier（荷を乗せる）
245	contrast	対照	contra「反対に」st「立つ」
246	colleague	（職場の）同僚	com-（一緒に）＋lego（大使を送り出す）→leg-（選ぶ）＝「一緒に派遣された仲間」
247	pain	苦痛　痛み	poena（罰）
248	bill	請求書	bille（教皇印が押された文書）→bulla（丸い鉛製の印章）→bhew-（膨らむ）＝「印が押された文書」
249	content	内容　中身	contineo（まとめる）→?con-（一緒に）＋teneo（保持する）
250	section	部門　	sect「切る」tion「こと、もの」＝「切り分けられたもの」
251	audience	聴衆　観客	aud「聞く」ence「もの、こと」
252	surface	表面	 sur「上の」face「面」
253	crop	作物	crop（麦の穂）→kruppaz（集まり）
254	topic	話題　トピック	topos(場所)
255	technique	技術	tekhne(技術)
256	status	地位　	status（立った）→?sto（立つ）
257	option	選択（の自由）	opto（選ぶ）＋-io（こと）
258	reward	報酬	re-（後ろへ）＋warder（じっと見る）=「見返りを与えること」
259	race	人種	razze（血統）
260	crime	罪　犯罪	cerno（篩いにかける）+-men（名詞語尾）
261	conflict	争い	 con「共に」flict「ぶつける」
262	struggle	闘い	ster-（硬い）=「力を振り絞ること」
263	context	状況　背景	con-（一緒に）＋texo（編む）
264	debate	討論　論争	de(徹底的)とbatre(叩く)
265	fuel	燃料	feu（火）
266	pollution	汚染　公害	por-（前へ）＋luere（汚れ）=「汚すこと」
267	trend	傾向	 trendan（転がる）→trundilaz（輪）
268	balance	均衡　バランス	libra bilanx（二つの皿のある天秤）
269	traffic	交通	trans「横切って」＋fric「こすれる」
270	strategy	戦略	stratos（軍隊）
271	basis	基礎	baino（踏む）＋-sis（名詞語尾）
272	consequence	結果	一緒に（com-）後から続い（sequor）ている（-ens）こと（-ia）
273	aim	目的　目標	aesmer（狙う）
274	ancestor	祖先	ante「前に」cess「進む」-or「人、もの」
275	gene	遺伝子	genh-（産む）
276	track	跡	trac(跡)
277	revolution	革命	re「後ろへ」volve「回転する」tion「こと、もの」
278	progress	進歩	pro-（前へ）gress（進む）
279	cognitive	認知の	cogni「知る」ive「性質」
280	ideal	理想的な	idea（心の目でしか見えない真実の姿）＋-alis（〜の）
281	efficient	効率的な	ef「外へ」fic「つくる」ent「性質」=「つくり出す力がある」
282	universal	普遍的な	 uni「1 つの」verse「向きを変える」al「性質」=「すべてが一箇所に集まる、すべてに当てはまる」
283	vast	莫大な	vastus（広大な）→hweh-（空の）
284	extra	追加の　余分の	extra（超える）
285	entire	全体の　全部の	→integer（完全な）→?in-（否定）＋tango（触れる）
286	familiar	精通している	familiaris（親しい）→familia（家族）＋-aris（〜の）
287	obvious	明らかな	?ob-（〜に面して）＋via（道）
288	moral	道徳（上）の　倫理的な	mos「習慣/礼儀」
289	ordinary	一般の　普通の	ordi「整理」ary「もの」
290	equal	等しい	aequus(同じ高さ)
291	previous	以前の　前の	prae-（〜の前に）＋via（道）
292	FALSE	間違った	fallere 「減少、失敗、誤り」
293	rare	まれな　珍しい	 ラテン語 rarus（ほとんどない）
294	legal	法律の	lex（法律）＋-alis（〜の）
295	independent	独立した	 in「否定」de「下へ」pend「ぶら下げる」ent「性質」
296	extreme	極端な	?exter（外側の）＋-issimus（最上級）
297	actual	実際の　現実の	 act「行為」al「性質」
298	willing	いとわない　かまわないと思う	will（意図する）＋-ing（現在分詞語尾）
299	urban	都市の	urbs（（城壁で囲んだ）都市）＋-anus（〜の）
300	whereas	"〜するのに（対し）
〜する一方"	where（どこに）＋as（〜と同じくらい）
301	predict	予言[予測]する	 pre（ 前に）+dict（言う）
302	examine	調べる	ex- 「外に/完全に）」+ ag? 「行なう/動かす」+ -men「接尾辞」
303	trust	信頼する	"traustam（助け 信頼, 保護, 支持）→deru- ""堅い"""
304	stick	動けなくする	steyg-（突き刺す）
305	emerge	現れる	ex-（〜の外へ）＋mergo（水に沈む）
306	vary	さまざまである	varius（まだら模様の）
307	release	放出する	re-（再び）＋laschier（解き放つ）→?laxo（緩める）
308	divide	分ける	dis-（二つに）＋vido（分ける）
309	enable	（人が）・・・できるようにする	 en「その状態にする」able「できる、しうる」
310	judge	判断する	ius(法)とdicere(言葉)
311	rely	頼る	re(強調)とligare(縛る)
312	engage	従事させる	en（〜の中に）＋gage（誓約）
313	shift	変える　移す	sciftan「分ける」
314	adopt	採用する	ad「その方向へ」opt「選ぶ」
315	acquire	得る	ad(方向)とquaerere(求める)
316	expand	拡大する	ex-（〜の外へ）＋pando（広げる）
317	refuse	拒む	 re 「再び/戻す」+ fund? 「流れ出る/注ぐ」/re-（逆向きに）＋-futo（打つ）
318	strike	心を打つ	streyg-（なでる）
319	repeat	繰り返す	re(再度)+petere(求める)/peto（向かって突進する）
320	consume	消費する	con(＝完全に)＋sume(＝取る)
321	confuse	混同する	con (一緒)とfundere (注ぐ)
322	select	選ぶ　えり抜く	se-（離して）＋lego（選ぶ）
323	evolve	（徐々に）発展する	e「外へ」volve「回転する」
324	convince	納得[確信]させる	?con-（強調）＋vinco（勝つ）
325	recall	思い出す	re(後ろ)とcall(呼ぶ)
326	destroy	破壊する	de-（反対に）＋struo（建設する）
327	preserve	保存する	 pre「前もって」serv「見守る」
328	organize	準備する	ラテン語（organum）「器具」
329	warn	（人）に警告[注意]する	wer-（注意を払う）
330	address	（問題など）に対処する	a-（〜へ）＋drecier（真っすぐにする）
331	operate	操作する	opus（仕事；作業）
332	participate	参加する	part「部分」cip「つかみ取る」ate「する」
333	surround	取り巻く	sur「超えて」unda「波」
334	flow	流れる	fluere「流れる」
335	bore	（人）を退屈させる　うんざりさせる	 ゲルマン祖語 burona（穴を開ける）
336	complain	不平[苦情]を言う	com(強意）+ plangere(胸をたたく）
337	host	主催する	 hospitem 「客」
338	combine	結び付ける	 com（一緒に）bine（2つもの）
339	extend	伸[延]ばす	ex「外へ」tend「伸ばす」
340	appreciate	正当に評価する	ad-（〜に）＋pretium（価値）
341	target	（到達・攻撃）目標	targe（小さな丸い盾）＋-ette（指小辞）＝ 「小さな丸い的」
342	element	要素　成分	 ラテン語 elementum（世界を構成するとされた四元素のうちの一つ）
343	principle	原則　原理	princeps（第一の）
344	phenomenon	現象	phaino（現れる）
345	atmosphere	大気	atmos（蒸気）＋sphaira（球体）＝ 「地球を覆う大気の層」
346	origin	起源	orior（生まれる）
347	personality	個性　性格	persona（人物）＋-alis（〜の）
348	capacity	（最大）容量　収容能力	capax（沢山収容できる）＋-tas（抽象名詞語尾）→capio（取る）＋-ax（〜する傾向がある）
349	profit	利益	pro「前に」fic「つくる」＝「つくり出すもの」
350	circumstance	状況　事情	circum「周囲」st「立つ」ance「もの、こと」
351	manner	作法	manus（手）＋-arius（〜の）＝「手法」
352	threat	脅威	thrauta（苦痛）
353	resident	居住者	re(後ろ)+sedere(座る)
354	wealth	富	walo（幸福）＋-itho（こと）→wela（良く）→welh-（欲しいと思う）
355	institution	機関	in「上に」st「立つ」tion「こと、もの」
356	authority	（関係）当局	auctor（著者）＋-itas（抽象名詞語尾）
357	vote	投票	voveo（神へ捧げる）
358	sight	光景	siht（見ること）
359	campaign	運動	campagna（軍事作戦）→campania（戦場）→campus（広々とした平地）
360	fund	基金　資金	fundare 「基礎を置く」
361	web	ウェブ	webh（織る　編む）
362	symbol	象徴　シンボル	"syn- ""一緒"" + bole ""投げること"""
363	analysis	分析（結果）	〜を（ana-）ばらばらに分解して（luo）調べること（-sis）
364	version	（本・製品などの）版	verse「形や性質を変える」ion「こと、もの」
365	perspective	観点　見方	per(通して)とspecere(見る)
366	crisis	危機	ギリシャ語Krinein「決定、選別」
367	disaster	災害	dis「離れて」aster「星」（占星術において、良い星から離れることで生じる悪い事柄）
368	lecture	講義　講演	legere「選ぶ、集める、読む」
369	psychology	心理学	psykhe(精神)とlogia(学問)
370	gender	（社会的・文化的）性、性別	genh-（産む）
371	custom	（社会的な）慣習	 com (強意) + suescere （慣れる）
372	court	裁判所　法廷	co-（一緒に）＋-hors（庭）
373	desert	砂漠	desero（去る）
374	soil	土地、土壌	インド・ヨーロッパ祖語のsed（座る）
375	agriculture	農業	agri(農地)+culture（耕作）
376	fossil	化石	fodio（掘り出す）＋-ilis（されたもの）
377	document	（公）文書　書類	doceo（教える）＋-mentum（こと）
378	vocabulary	語彙	voco（呼ぶ）＋-bulum（道具）
379	intelligent	聡明な	inter 「?の間」+ lego「何かを集める、ひろい集める」
380	conscious	意識して　気づいて	 con「強意」sci「知る」ous「性質」
381	capable	能力がある	cap「つかみ取る」able「できる、しうる」
382	accurate	正確な	ad-（方へ）＋cura（気配り；不安）＝「念入りに観察して導かれたこと」
383	fundamental	基本的な	fundo（土台を築く）＋-mentum（行為の結果）
384	artificial	人工の	"ars ""技術"" + fex ""作る人"" "
385	firm	確固たる	firmus（堅い）
386	overall	総合的な	over（〜の全てに渡って）＋all（全て）
387	rural	田舎の　田園の	 rus（田園地方）＋-alis（〜の）
388	military	軍の　軍事（用）の	miles（軍人）＋-aris（〜の）
389	nuclear	核の　原子力の	 nucleus（小さい核）＋-aris（〜の）→nux（核）→knew-（木の実）
390	biological	生物学（上）の	bio（生物）とlogy（学問）
391	constant	絶え間ない	con「強意」st「立つ」ant「人、もの」＝「しっかりと立って変わらず安定するもの」
392	severe	"（人・規律・事態・
天気などが）厳しい"	se「離れて」+vere「容赦」・「親切心」
393	visual	視覚の	vis「見る」
394	enormous	莫大な　巨大な	ex(外)とnorma(基準)
395	convenient	便利な　都合の良い	con- (一緒に) + ven?re (来る).
396	domestic	家庭の	dom「家」-ic「性質」
397	mass	大規模な　大量の	massa（塊）→maza（大麦パンの塊）→masso（練る）
398	typical	典型的な	"typos ""印象"" "
399	overseas	海外へ[に、で]	over(越えて）+sea(海）
400	nevertheless	それにもかかわらず	never（決してない）＋the（その）＋less（より小さい）
401	demonstrate	論証[証明]する	"de- ""全体的に""+ monstrare ""指摘する　示す"""
402	behave	振る舞う	be-（強調）＋haven（持っている）
403	educate	教育する	e-(外へ）＋ducere(導く）
404	purchase	購入する	 pur「前に」chase「つかみ取る」
405	recommend	勧める	re-（強調）＋commendo（委ねる）→com-（一緒に）＋mando（委ねる）→manus（手）＋do（与える）
406	admit	（しぶしぶ）認める	ad「その方向へ」mit「送る」＝「思うままに入らせる」
407	generate	生み出す	gene「生む」ate「する」
408	explore	調査[探求]する	ex(外)とplorare(叫ぶ)
409	amaze	びっくりさせる	a- ＋ maisian（うろたえさせる；当惑させる）→m?s（うろたえた様子）
410	tear	引き裂く	ゲルマン祖語 terana（引き裂く）
411	settle	解決する	setlan（落ち着かせる）→setl（座席）→sed-（座る）
412	afford	持つ[する]余裕がある	ge-（強調）＋forth（前へ）
413	conclude	結論づける	 con「共に」clude「閉じる」
414	advertise	宣伝する	ad「その方向へ」vert「向きを変える」ise「する」
415	encounter	遭遇する	"incontra ""〜の目前に""（ in- ""中"" + contra ""反対""）"
416	remind	思い出させる	re(再び)とmind(思い出す)
417	locate	位置する	locus(場所)
418	aid	援助する　助ける	adiuv?（助ける）
419	bite	かむ　かみつく	"bheid- ""裂く"""
420	deliver	配達する	de-（離れて）＋libero（解放する）
421	perceive	気づく	per「徹底的に/完全に」ceive「つかみ取る」
422	distinguish	区別する	dis-（ばらばらに）＋stinguo（印をつける）
423	imply	暗に意味する	im「中へ」ply「折る」
424	handle	処理する　扱う	hand（手）＋-le（反復?）
425	praise	賞賛する	pretium（価値）＋-o（する）
426	appeal	訴える	ad-（方へ）＋pello（駆り立てる）
427	insist	強く主張する	?in-（〜の中に）＋sisto（じっと立っている）
428	compete	競う	com-（一緒に）＋peto（求める）
429	rank 	位置づける　評価する	ゲルマン祖語 *rankaz（まっすぐの）
430	deny	否定する	de-（離れて）＋nego（否定する）
431	reject	拒否する	 re「後ろへ」ject「投げる」
432	intend	意図する	 in「その方向へ」tend「伸ばす」
433	expose	さらす	ex「外へ」pose「置く」
434	favor	賛成する	faveo（好意を示す）
435	inspire	（人を）奮起させる	in-（中に）＋spiro（息を吹く）
436	propose	提案する	pro-（〜の前へ）＋pono（置く）
437	spell	（語を）つづる	spel- は「暗唱する」
438	breathe	呼吸する	breth（息）＋-en（する）
439	repair	修理する	re(再び)とparare(準備する)
440	consist	（〜から）成る	 con「一緒/強意」sist「立つ」
441	comment	意見　コメント	 com (強意) + meminisse （思い出す、覚えている）
442	instruction	指示	in-（〜の中に）＋struo（組み立てる）
443	religion	宗教	re-「再び/強意」+lig?「縛る/結ぶ」
444	neighborhood	地域	neighbor（隣人）＋-hood（特定の状態を共有する集団）neah（近くに）＋gebur（住む人）
445	laboratory	実験室　研究室	lab「働く」or「人、もの」ory「場所」
446	presence	存在	"prae- ""前"" + esse ""存在する"""
447	confidence	自信	con (強意)とfidere (信じる)
448	harm	害　損害	harmaz（危害）
449	instrument	器具	in-（〜の中に）＋struo（組み立てる）
450	category	部類　区分	kata-（対して）＋agoreuo（集会で話す）→agora（集会）
451	capital	資本	 capus （頭）
452	outcome	結果	out（〜から出て）＋come（来る）
453	notion	概念	gno-（知る/知っている）
454	review	（書物などの）論評	 re「再び」view「見る」
455	trait	特性	trait（一筆の動き）
456	diversity	多様性	di（離れて・バラバラに）＋verse（向く・方向転換する）
457	victim	犠牲（者）　被害者	victima（いけにえの動物）
458	occasion	場合　時	"ob ""下　離"" + -cidere""落ちる"""
459	facility	施設　設備	何かを実行（facio）可能（-ilis）にするもの（-itas）
460	stock	在庫品	stukkija（切り株）
461	conference	会議	com(一緒に)とferre(運ぶ)
462	humanity	人類	humanus（人間）＋-tas（抽象名詞語尾）
463	dialect	方言	"dia ""通して　間で"" + legein ""話す"" 「特定の人たちの間で話される言葉」"
464	proportion	割合	"pro ""〜へ"" +partio ""部分"" "
465	tip	助言　秘訣	？
466	lawyer	弁護士	law（法律）＋-yer（人）
467	stuff	（漠然と）物	"estoffer ""備える　備蓄する"" "
468	comfort	快適さ	com「強意/一緒」fort「強い、かたい」
469	philosophy	哲学	philo「愛」sophy「知」
470	mammal	哺乳動物	mamma（乳房）＋-alis（〜の）
471	quantity	量	quantus（どれくらい）＋-itas（抽象名詞語尾）
472	landscape	風景	land（土地）＋-scipe（状態）
473	tribe	部族	tribus（古代ローマを治めた三部族）→tres（三）＋bhuh-（存在する）
474	organ	器官　臓器	organon（道具）
475	trial	試み　（品質・性能などの）試験	try（試す(ふるいにかける)）+al（〜すること）
476	norm	規範	norma（定規）
477	code	規範	" caudex ""本（木の幹）"""
478	substance	物質	sub「下に」st「立つ」ance「もの、こと」
479	multiple	多様な	multi(複数)とplus(折りたたむ)
480	numerous	非常に数の多い	numer「数」ous「性質」
481	narrow	狭い	"nearu ""小さな幅の”"
482	widespread	広範囲にわたる	 wide（幅の広い）＋spread（広がる）
483	sufficient	十分な	suf「下に」fic「つくる」ent「性質」
484	proper	適切な	個々のもの（privus）に対応（pro）したこと
485	linguistic	言語の　言語学の	lingua（舌）
486	annual	年一回の　例年の	annus（年）
487	contemporary	現代の	con-（一緒の）＋tempus（時代）＋-arius（〜の）
488	contrary	反対の	contra（反対の）
489	strict	（規則などが）厳しい	streyg-（押し付ける）＝「きついこと」
490	civil	市民の	c?vis (“市民”)
491	odd	奇妙な	"oddi ""第3、または追加の数"" "
492	unknown	不明の	un（否定） + known（知られた）
493	superior	よりすぐれた	superus（上にある）＋-ior（より）
494	sensitive	敏感な	sentio（感じる；気づく）＋-ivus（性質を持つ）→sent-（感じる）
495	violent	（人・気質などが）激しい	vis（暴力）＋-olentus（〜で満ちている）
496	virtual	仮想の	vertual（実質的な）→virtus（精神的強さ）＋-alis（〜の）→vir（一人前の男）＋-tus（抽象名詞語尾）
497	regardless	かまわない　無頓着な	regard（注視）＋-less（〜が無い）
498	immediate	即座の	in(否定)とmediatus(中間に)
499	crucial	重要な	crux（十字架）
500	somewhat	いくぶん　多少	some（いくらかの）＋what（何）＝「なんか（what）ちょっと（some）」
501	interpret	解釈する	inter（間で）＋pre（貿易する　売る）
502	translate	翻訳する	trans「向こう側へ」lat「運ぶ」
503	concentrate	集中する	 con-（[together] 一か所に）＋centrer（中心に置く）=「中心に集めること」
504	request	頼む	re-（繰り返し）＋quaero（求める）
505	criticize	批判する	 critic（批評家）＋-ize（する）→krites（判定者）→krey-（ふるいにかける）
506	overcome	克服する	over-（〜を越えて）＋come（来る）
507	obtain	得る	 ob「その方向へ」tain「つかんで離さない」
508	inform	知らせる	in-（〜の中に）＋formo（形づくる）
509	ensure	確実にする	en「その状態にする」sure「確実な」
510	announce	発表[公表]する　知らせる	ad-（〜へ）＋nuntio（伝える）
511	grant	（人に）（許可・権利などを）与える	"graant （約束　保証,　誓い　合意、など）"
512	freeze	凍る	freusana（凍る）
513	oppose	反対する	 op「反対の」pose「置く」
514	differ	異なる	 dis-（ばらばらの）＋fero（持ち運ぶ）＝「ばらばらであること」
515	hate	ひどく嫌う	 hataz（嫌悪）
516	emphasize	強調する	en-（中へ）＋phaino（光らせる）
517	employ	雇う	 em「中へ」ploy「折る」
518	credit	（功績など）を帰する	信用する（credo）
519	transform	変える	 trans「変換」form「形」
520	construct	建設する	con-（一緒に）＋struo（組み立てる）
521	arise	生じる	a-（〜の上に）＋rise（上がる）
522	beat	打ち負かす	bhew-（打つ；押す）
523	regret	後悔する	 re-（強調）＋greter（嘆き悲しむ）
524	alter	変える	 altero（他のものにする）→alter（その他の）
525	absorb	吸収する	 ab-（〜から）＋sorbeo（吸う）
526	disappoint	失望させる	dis「否定」ap「その方向へ」point「指す」
527	cure	治す	cura（気配り；看護）→kweis（注意する）
528	transport	輸送する	trans「向こう側へ」port「運ぶ」
529	rush	急いで行く	ruschen（急ぐ）＝ 「速くすること」
530	hang	掛ける	" hon ""吊るす""と hangian ""吊るされた""の融合語"
531	blame	責める	"blas-,mlas-（悪い）＋phemi（話す）=「悪く言うこと」"
532	ban	（法的に）禁止する	 bannana（禁ずる；命令する）
533	fascinate	魅了する	 fascino（魔法をかける）→fascinum（魔術）
534	recover	回復する	re-（再び）＋capio（取る）
535	celebrate	祝う	celeber（大勢の人を収容した）
536	manufacture	製造する	manu（手）＋facio（作った）
537	interact	影響し合う	 inter「間の」act「行為」
538	arrange	段取りをつける	a-（〜へ）＋rangier（列に並べる）→rang（線）
539	adjust	調整する	ad「その方向へ」just「ちょうど」＝「ちょうどよくする」
540	confirm	確認する	 con「強意」firm「強い、かたい」＝「物事の確度を強める」
541	insight	見識　理解（力）	in-（〜の中に）＋siht（見ること）
542	innovation	革新	in-（〜の中に）＋novo（新しくする）
543	budget	予算	bulga（財布）＝「お財布」
544	fee	料金	feoh（お金）→fehu（家畜）
545	expense	経費	ex-(外に)＋pendere（つるす、測り与える）
546	debt	借金　負債	debeo（何かを負っている）→de-（強調）＋habeo（持っている）
547	loan	貸付金　融資	 laihna（貸し付け）
548	duty	義務	deu（義務を負っている）＋-ete（抽象名詞語尾<-ity）→debeo（何かを負っている）
549	alarm	不安　恐れ	all'arma!（武器へ！）→?all'（〜へ）＋arma（武器）
550	emergency	緊急（事態）	"ex ""外"" + mergere ""浸す　沈む"""
551	democracy	民主主義　民主政治	demos（民衆）（による）+kratia（統治）
552	minister	大臣	minister（召使）→?minor（より小さい）＋-ter（人）
553	fellow	仲間　同僚	"fe ""お金""+ lag”置く”＝お金を共同出資する人？"
554	candidate	候補（者）	candidus（白い）＋-atus（人）→candeo（光る）「純白のトーガを身に着けた古代ローマの議員候補」
555	corporation	（大）企業	corpus（団体；肉体）＋-o（する）
556	stereotype	固定観念	 stereo-（[solid] 固形化した）＋type（型）＝「型通りの固い考え」
557	route	道（筋）	ruptus（破壊した）＝「破壊して切り開いた道」
558	disorder	障害（心身の）不調	 dis「否定」ordi「整理」
559	depression	憂うつ	 de「下へ」press「押す」ion「こと、もの」
560	weapon	兵器　武器	wepna（武器）
561	immigration	（他国からの）移民　移住	im「中へ」migr「動く」ation「すること」
562	barrier	障壁	barra（棒）
563	disadvantage	不利（な点）	dis(反対）advantage(有利な点)　avant（前に）＋-age（こと）
564	mood	気分	modaz（感じ）→me-（気性）
565	motion	動き　動作	movere(動く)
566	routine	決まり切った仕事	 route 「切り開かれた道」
567	discipline	規律　しつけ	disciple（弟子）
568	myth	作り話	muthos（神話；伝説；物語）
569	hypothesis	仮説	hypo(下)とthesis(置く)
570	physician	医師	physic(身体)+ian(精通している人).
571	client	顧客	" klei- ""もたれかかる"" "
572	colony	植民地	colo（耕す）
573	statistics	統計	st「立つ」ics「学問」＝「どの数字の位置に立つのかを学ぶ」
574	grain	穀物	grhnom（穀物）
575	ingredient	材料　成分	in-（〜の中に）＋gradior（歩いて行く）
576	treasure	宝物　財宝	thesauros（貯蔵するための建物、転じて宝物）
577	contract	契約（書）	 con「共に」tract「引っぱる」＝「引き寄せ合って合意する」
578	welfare	福祉　幸福	well（良く）＋fare（やっていく）
579	prime	主要な　最も重要な	pri-（前に）＋-isemos（最上級）＝「第一の」
580	curious	好奇心の強い	cura（気配り；関心）＋-osus（多い）
581	dramatic	劇的な	ギリシア語drama(行動)
582	distinct	明らかに異なる	dis-（ばらばらに）＋stinguo（印をつける；刺す）
583	anxious	心配して	ango（悩ませる；首を絞める）= 「首を絞められること」
584	vital	必要不可欠な	vita（生命）＋-alis（〜の）
585	conventional	従来の	集団内の因習（convention）の（-al）( con「共に」vene「来る」tion「こと、もの」)
586	abstract	抽象的な	ab（離す）とtract（引っ張る）
587	minor	重要でない	minuo（小さくする）＋-ior（比較級）
588	extraordinary	並はずれた	extra(超える)+ordinary(普通の) ordo（順序だった列）
589	stable	安定した	 st「立つ」able「できる、しうる」=「立ったままでいられる」
590	flexible	融通の利く　柔軟な	flexto（曲げる）＋-ibilis（可能な）
591	brief	簡潔な	brevis（短い）
592	aggressive	攻撃的な	ad(方向)とgradus(歩み)
593	visible	（目に）見える	video（見る）＋-ibilis（〜できる）
594	unexpected	思いがけない　不意の	un(否定）+expected(期待された） ex「外へ」spect「見る」
595	ethnic	民族の　人種の	ethnos（国家；部族）＋-ikos（〜の）→etho（慣れている）
596	alien	異質の	alinus（他の）＋-anus（属する；人）
597	initial	初めの	in「中へ」it「行く」al「性質」
598	exact	正確な	ex（外側に）+act（動かす）=重りを天秤のおもり側に釣り合うところまで動かす
599	precise	正確な	pre「前もって」+cis「切る」
600	latter	後者の　後半の	laet（遅い）＋-ra（比較級）
601	commit	献身する	com-（一緒に）＋mitto（送る）
602	stimulate	刺激する	sti(n)g-→stizein = (突き刺す、刺激する)
603	enhance	（価値などを）高める　増す	in-（中に）＋altus（高い）
604	pursue	追求する	"pro- ""前へ"" + sequi ""続く"" "
605	react	反応する	 re「反対に」act「行為」
606	disagree	不賛成である	dis-「否定」+agree「同意する」(a「その方向へ」gree「喜び、慈悲深さ」)
607	stare	じっと見る	ster-（固定された）/ラテン語 stare「立つ」
608	abandon	捨てる	a bandon（[at will] 任意に）→a（[at] 〜に）＋bandon（司法権；自由裁量）
609	quit	やめる	quitter（解放する）→quies（休息）
610	capture	とらえる	 cap「つかみ取る」ture「こと」
611	transfer	移す	trans「向こう側へ」fer「運ぶ」
612	bother	悩ます	bauther（困惑させる）
613	persuade	説得する	per-（完全に）＋suadeo（好ましく思わせる）→?swehd-（甘い）＝「甘い言葉でその気にさせること」
614	rent	賃借りする	賃借に対して返礼として（re-）与える（do）お金、そのお金を得るための賃借
615	breed	繁殖させる　育てる	brodijana（卵を抱く）
616	invest	投資する	in-（中に）＋vestio（着せる）→vestis（法服）＝「権力を示す衣服を着せること」
617	reserve	予約する	re-（後ろに）＋servo（保存する）→ser-（見守る）
618	trace	（足跡・起源などを）たどる	線を引く（traho）
619	illustrate	説明する	in-（中に）＋lustro（明るくする）lux「光」
620	advise	忠告[助言]する	ad-（の方を）+videre（見る）
621	convey	伝える	con-（一緒に）＋via（道）＝「一緒の道を歩いて送り届けること」
622	attach	（取り）付ける	estache（杭）/ad(方向)とsteg(杭)
623	stretch	伸ばす	strakjana（伸ばす）
624	puzzle	当惑させる	 pose（当惑させる）＋-le（反復）
625	disturb	かき乱す	dis-（強調）＋turbo（かき乱す）
626	crash	衝突する　堕落する	crasen（粉々に壊れる）
627	cope	うまく処理する	coper（切る）
628	permit	許可する	通り過ぎる（per-）のを見送る（mitto）こと/per「徹底的に」mit「送る」
629	impress	感動させる	in（中に）＋press(押す)
630	suspect	ではないかと思う	sus「下に」spect「見る」
631	upset	動揺させる	[set up](立てる)の語順がひっくり返ったもの
632	frighten	（人を）怖がらせる	 fright（突然の恐怖）＋-en（する）
633	import	輸入する	im「中へ」port「運ぶ」
634	export	輸出する	ex-（〜の外へ）＋porto（運ぶ）
635	investigate	調査する	in-（中に）+vestigo（足跡をたどる）→vestige（足跡）
636	monitor	監視する	monitus（警告；助言）＋-tor（するもの）
637	calculate	計算する	 calculus（そろばんの前身である算盤でつかわれた小石）＋-ate（する）→calx（石灰石）＋-ulus（指小辞）
638	eliminate	取り除く	e（外へ）'+'limin（敷居）'+'ate（動詞化）'で「敷居の外へ出す、家の外にだす」
639	ease	軽減する	aise（余裕）
640	launch	開始する	launchen（やりを投げる）→lancea（投げやり）
641	sequence	連続	"sequi ""続く"""
642	therapy 	療法	therapeia「治療」
643	symptom	症状	sum-（一緒に）＋pipto（落ちる）＝「一緒におこること」
644	incident	出来事　事件	in-（〜の上に）＋cado（降る）
645	witness	目撃者	wit (知っている)＋ness (こと) 
646	sum	（金）額	summus「一番高い」
647	burden	負担	bher-（持ち運ぶ）
648	tone	口調	tonus 「音」
649	honor	光栄	honos（名誉）
650	award	賞	awarder（決定する）→ex-（外へ）＋wardo（じっと見る）
651	priority	優先（事項）	pri-（前の）＋-ior（もっと）
652	logic	論理	logos（考えること）→leg-（寄せ集める）
653	minimum	最小限度	minuo（小さくする）＋-imus（最上級）
654	exception	例外	ex「外へ」cept「つかみ取る」ion「こと、もの」
655	clue	手がかり	clew（ギリシャ神話でテセウスが迷宮を抜け出すのに使った糸）
656	bond	絆	band(=tie(結びつき）)
657	virus	ウイルス	ラテン語virus （毒） 
658	surgery	（外科）手術	kheir（手）＋ergon（仕事）
659	insurance	保険	 in「その状態にする」sure「確実な」ance「もの、こと」
660	frame	枠　（額）縁	framian（成し遂げる）
661	shelter	避難（所）　保護	scield（盾）＋truma（部隊）
662	territory	領土	terra(土地)とorium(場所)
663	boundary	境界（線）	 bound（境界）＋-ary（に関する）
664	habitat	生息地	habeo（持つ）＋-to（反復動詞）
665	district	地区	dis-（強調）＋stringo（圧迫する；きつく締める）
666	conservation	（動植物などの）保護	con「強意」serv「見守る」tion「こと、もの」
667	harvest	収穫（物）	kerp-（刈り取る）
668	predator	捕食動物	prey(捕食する)
669	trap	わな	treppe（輪なわ）
670	trick	こつ	"?おそらくtricari ""回避的な、かき混ぜる"" "
671	fault	責任	fallere 「減少、失敗、誤り」
672	discount	割引	 dis「否定」count「勘定する」
673	bias	偏見	biais（傾斜）
674	cooperation	協力　共同	co「共に」ope「はたらく」ation「すること」
675	patent	特許（権）	"peth-（広げる）""Letters Patent""「公開書簡」という言葉に由来。王様が誰かに特別な権利を与えるときに使った書類の形式"
676	dialogue	対話　会話	dia「横切って」logue「談話」
677	component	構成要素	com「共に」pone「置く」ent「人、もの」
678	reputation	評判	re-（再び）＋puto（考える）=「繰り返し話題になること」
679	verbal	言葉の	verbum(言葉)
680	internal	内部の	interus（内部の）＋-alis（〜の）
681	solid	しっかりした	solidus（固体の）→solh-（完全な）
682	remote	遠く離れた	re(後ろ)とmovere(動く)
683	principal	主要な	一番目（primus）を取る人（-ceps）の（-alis）
684	sophisticated	高性能の　精巧な	sophi「賢さ」ist「人」ate「する」ed「性質」
685	equivalent	等しい　相当する	等しい（aequi-）価値をもっ（valeo）ている（-ens）こと
686	rational	理性的な	ratio（計算）＋-alis（〜の）
687	relevant	関係がある	re-（再び）＋levo（持ち上げる）
688	absolute	絶対的な	ab-（〜から離れて）＋solvo（解く）＝ (解きはなされた→無条件な) 
689	frequent	頻繁な	 frequens（たびたびの）→bhrekw-（詰め込む）
690	permanent	永続的な	per(通過)とmanere(留まる)
691	intense	強烈な	in「その方向へ」tens「伸ばす」
692	meaningful	意味のある	meaning（意味）＋-ful（満ちた）
693	evil	邪悪な	ubilaz（悪い）
694	extinct	絶滅した	ex-（外へ）＋stinguo（火を消す）= 「生命の火をもみ消すこと」
695	random	無作為の	randon（速さ）
696	raw	生の	hrawaz（生の）
697	rude	無礼な	rudis（乱暴な）
698	mere	単なる　ほんの	mer-（きらめく）=「単なる」(単一の物からなる純粋な）
699	tropical	熱帯の	tropic（回帰線）＋-al（〜の）
700	forth	前へ　先へ	furtha-（前へ）
701	possess	所有している	potis（可能な）＋sedeo（座る）
702	dominate	支配する	dom「領域」ate「する」＝「他者の領域を自分のものにする」/「主としてその場を制すること」
703	guarantee	保証する	garant（保護）
704	melt	溶ける	smeld-（柔らかくなる）
705	embarrass	恥ずかしい思いをさせる	imbarazzare（邪魔する）（im-（〜中に）＋barra（棒））
706	discourage	（人に）やる気をなくさせる	des-（ばらばらに）＋corage（勇気）
707	detect	感知する	de「否定」tect「覆う」
708	devote	ささげる	de-（強調）＋voveo（神へ捧げる）
709	urge	（強く）促す	urgeo（圧力をかける）
710	lend	貸す	leykw-（預ける）
711	restrict	制限する	re-（強調）＋stringo（きつく締める；圧迫する）
712	isolate	孤立させる	isol「島」ate「する」
713	accompany	同行する	ac「その方向へ」com「共に」pan「パン」y「こと」が語源で、「仲間 (＝一緒にパンを食べる関係) についていく」
714	exhaust	疲れ果てさせる	ex（外へ）＋haust（水などをくみ出す）→空にする
715	annoy	悩ます	in-（中に）＋odio（嫌悪）
716	endanger	危険にさらす	en「その状態にする」dan「支配」er「人、もの」＝「強い力の元にさらす」
717	acknowledge	（事実などを）認める	ac(方向)とknowledge(知識)
718	admire	敬服[感心]する	ad-（〜に [to]）＋miror（驚嘆する）＝「驚嘆すること」
719	evaluate	評価する	e（=ex外）+ valu（価値）+ ate（動詞化）
720	declare	宣言する	de(強調)とclarus(明るい)
721	secure	確保する	se-（無しで）＋cura（心配；気配り）
722	specialize	専門とする	spect「見る」al「性質」ize「する」＝「見い出す」
723	attribute	（結果などを)帰する	ad(方向)とtribuere(与える)
724	pretend	ふりをする	prae(前)とtendere(伸ばす)
725	bury	埋める	bhergh-（保存する）
726	reverse	逆転させる	re「反対に」verse「向きを変える」
727	resist	抵抗する	re「反対に」sist「立つ」
728	scare	おびえさせる	skjarr(臆病)
729	imitate	まねる	imito（模倣する）
730	assist	援助する	as「その方向へ」sist「立つ」
731	resemble	似ている	re-（強調）＋sembler（〜のように見える）
732	retire	引退する　退職する	re-（後ろに）＋tirer（引く）＝「後ろへ引き下がること」
733	neglect	おろそかにする　怠る	nec（否定）＋lego（欲する；選ぶ）
734	collapse	崩壊する	com-（一緒に）＋labor（滑り落ちる）
735	reform	改革する	re-（再び）＋formo（形づくる）
736	protest	抗議する	pro（（人）前で）＋testor（証言する）
737	owe	借りがある	owen（負っている）
738	sustain	持続させる	sus「下に」tain「つかんで離さない」
739	assign	割り当てる	 as「その方向へ」sign「しるし」＝「印を付ける」
740	accomplish	成し遂げる	〜へ（ad-）完全に（com-）満たす（pleo）こと
741	wisdom	知恵	weyd-（知る）
742	literacy	読み書きの能力	litera（アルファベットの文字）
743	heritage	遺産	 herit「受け継ぐ」age「こと」
744	mission 	使命	mitto（送る）
745	license	免許（証）	liceor（許可された）
746	elite	エリート	ex-（外へ）＋lego（選ぶ）=「選ばれた人間」
747	layer	層	lay（横にする）＋-er（もの）=「横に広がり重なったもの」
748	motor	モーター	「moto」（＝動きをあたえる）+「er」[物・者]
749	protein	タンパク質	proteios（最重要のもの）→protos（一番前の）
750	profession	職業	pro「前に/公に」fess「言う」ion「こと、もの」
751	editor	編集者	e「外へ」dit「与える」or「人、もの」＝「生み出すために書いたりまとめたりする人」
752	agent	仲介者　代理人	agere（為す）
753	globe	地球　世界	globus（球体）→gleh-（塊）
754	haven	避難所　保護区	haefen（港）
755	row	列	raiwo（筋）
756	sacrifice	犠牲	sacr「神聖な」fic「する」
757	means	手段	mean（中間）＋-s（複数形）
758	session	集まり	sedeo（議席に着く）＋-io（こと）
759	league	（競技）連盟	lega（同盟）
760	contest	コンテスト　競技（会）	com(一緒)+testari(証言する)
761	guard	警備員	guarder（守る）→wardon（見張る）
762	opponent	（試合・論争などの）相手	op「反対の」pone「置く」ent「人、もの」
763	glance	ちらっと見ること	glacier（滑る）
764	divorce	離婚	dis?（ばらばらに）＋verto（向きを変える）
765	tissue	（生物の）組織	texo（織る）
766	liquid	液体	liqueo（液体である）＋-idus（状態）
767	inequality	不平等	in(否定） +? equality（平等）
768	prejudice	偏見	pre(before)＋judice(判断) 
769	justice	公正　正義	just「ただしさ」ice「こと」
770	guideline	指針　ガイドライン	guide（導く）＋line（線）
771	platform	プラットフォーム	plate-forme（図表、地図、プラットホーム）=「平らな形（をしたもの）」
772	sector	（社会・経済などの）部門、セクター	secare(切る)
773	channel	チャンネル	"canalis ""水道管,溝 , 水路,"""
774	glacier	氷河	glace（氷）＋-ier（場所）
775	primate	霊長類の動物	prime（第一の）
776	usage	（使）用法	usus（使用）
777	fortune	財産	fortuna（運；[複数形] 財産）
778	correlation	相互関係　相関（関係）	cor(一緒）＋relation(関係）
779	artistic	芸術的な	芸術家（artist）の（-ic）art(芸術）
780	literary	文学の	litera(文字)
781	classic	第一級の	class((最高）階級）
782	liberal	自由主義の	liber「社会的・政治的に制約されていない」「負債を負っていない」
783	concrete	具体的な	concretus（con-共に＋crescere成長する＋-tus過去分詞語尾）
784	slight	わずかな	sliht（滑らかな）
785	federal	連邦（政府）の	foedus（協定）
786	primitive	原始的な	pri-（前に）＋-isemos（最上級）
787	unfamiliar	不慣れな	un（否定）+familiar(慣れ親しんだ)
788	subtle	微妙な	subtilis（繊細に織られた）→sub-（下に）＋tela（織物；生地の縦糸）
789	plain	明らかな	plane「平面」
790	marine	海の	mare（海）＋-inus（〜の）
791	apparent	明白な	apparens（見えている）
792	reluctant	気が進まない　嫌がる	re-（反対方向へ）＋luctor（奮闘する）
793	temporary	一時的な	tempus(時間)
794	guilty	罪悪感のある	guilt（犯罪行為）＋-y（〜の）
795	royal	王の	roial（王の）
796	pure	純粋な	purus(きれいな)
797	incredible	信じられない	in「否定」cred「信じる」ible「できる、しうる」
798	eager	熱望して	egre（熱心な）
799	adequate	十分な	ad-（〜へ）＋aequo（等しくする）
800	via	経由で	via（道）
801	assess	評価する	裁判官の近くに（ad-）座って（sedeo）課税額を決定すること
802	approve	賛成する	" ad ""to"" + probare "" (良いものかどうか)試す"""
803	remark	述べる	 re-（強調）＋mark（印をつける；示す）
804	pose	（危険）を引き起こす	 pose「置く」
805	yield	もたらす	geldan「支払う」
806	exhibit	示す	ex「外へ」hibit「保つ」＝「世に出して人が見える状態を保つ」
807	distribute	分配する	dis(個々に)とtribuere(与える)
808	command	命じる	com(強調)+mandare(命令)
809	occupy	（空間・時間を）占める	ob (“〜に”) + capere (“取る、手にする”)
810	pop	ひょいと動く	擬音語
811	pile	積み重ねる	pila（石の壁）
812	greet	挨拶する	gretan（話しかける）
813	apologize	謝る	apology（謝罪）＋-ize（〜する）→apologie（弁明）
814	frustrate	いら立たせる	frustro（裏切る）
815	relieve	和らげる	re(強調)とlevare(軽くする)
816	derive	由来する	de-（〜から）＋rivo（流す）
817	deserve	値する	de「強意」serv「仕える」
818	peer	じっと見る	par(等しい)
819	defeat	負かす	de「否定」feat「する」＝「何もできなくさせる」/ばらばらに（des-）する（faire）こと
820	convert	変える	con「強意」vert「形や性質を変える」
821	wed	結婚する	「掛け金」「保証金」
822	delight	喜ばせる	delico（誘惑する）＋-to（反復）→?de-（強調）+lacio（誘惑する）
823	boost	押し上げる	boosten（脅迫する）
824	endure	耐える	induro（硬くなる）→in-（〜の中で）＋duro（硬くする）
825	correspond	一致する	"com ""一緒に・互いに"" + respondere ""応える"""
826	impose	課す	in-（〜の上に）＋pono（置く）
827	rescue	救う	re-（強調）＋escourre（振り出す）
828	resolve	解決する	re「強意」se「それ自身」lve「ほどく」
829	register	記録する　登録する	データを後ろに（re-）運んで（gestus）保管すること
830	interrupt	中断させる	inter(間)+rumpere(壊す)
831	rid	取り除く　除去する	"reudh- ""土地を開墾する"""
832	prohibit	禁止する	pro「前に」hibit「保つ」
833	compose	構成する	com「共に」pose「置く」＝「まとめてひとつにする」
834	misunderstand	誤解する	mis「誤って」under「下に」st「立つ」
835	punish	罰する	poena（罰）
836	ruin	だめにする	ruina（廃墟） 「原型を留めていないこと」
837	defend	防御する	de(離れる)とfendere(叩く)
838	embrace	受け入れる	em-（中に）＋brace（腕）
839	modify	修正する	modus（物差し）＋facio（作る）→「物差しに合わせること」
840	qualify	（人に）資格を与える	quali「質」fy「する」
841	passion	情熱	pati（苦しむ）
842	enthusiasm	熱情　熱意	entheos（en『内にある』+theos『神様』）
843	phase	段階　局面	phasis（現れること；状況）
844	mode	方式	mode（やり方）→modus（物差し）
845	span	期間	spannana（伸ばす；測る）
846	gravity	重力　引力	grav「重い」ity「こと」
847	orbit	軌道	orbita（円周）→orbis（円運動）
848	asteroid	小惑星	aster（星）＋eidos（形）「星のような見えるもの」
849	core	核心	cor（心臓）
850	soul	精神	?古英語 sawol
851	nerve	神経	sinew（腱、弦）
852	infection	感染（症）	in「中へ」fect「つくる」ion「こと、もの」/染める（inficio）こと（-io）
853	mall	モール　ショッピングセンター	"St. James公園の広場でpall-mall(palla ""球"" + maglio ""木槌"")（ペルメル球戯）をしていたこと"
854	grocery	食料雑貨	grosserie（卸売り）→gros（大きい）＋-erie（場所）
855	humor	ユーモア	humor（体液）(四つの体液の割合が健康を左右するとされたことから)
856	instinct	本能	in-（中に）＋stinguo（チクチク刺す）
857	faith	信頼	fido（信頼する）
858	courage	勇気	cor「心」age「こと」
859	incentive	動機（づけ）	in- （中） + canere （歌う）
860	prospect	見込み	pro「前に」spect「見る」
861	obstacle	障害（物）	ob「反対の」st「立つ」
862	architecture	建築	"arkhi- ""首長"" + tekton ""建築家・大工""　teks""織る”"
863	stem	（草木の）茎・幹	sta-（立つ）
864	illusion	錯覚　思い違い	in(上)+ludere(戯れる)
865	discrimination	差別	dis-（二つに）＋cerno（分ける）？-nation(すること）
866	shame	恥	skamo（恥）→skem-（隠す）
867	drought	干ばつ	dher-（堅くする）
868	flavor	風味	flo（吹く）＋-tor（もの）
869	portion	部分	per-（分配する）
870	recipe	調理法　レシピ	re「後ろへ」cip「つかみ取る」
871	luxury	ぜいたく品	luxus（行き過ぎた無駄遣い）
872	chip	小片　破片	"keipo- ""sharp post(鋭い杭？)""/kip(木の小片）"
873	ritual	儀式	ritus（儀式；慣習）
874	sake	のために　の目的で	sacu （訴え）
875	prefecture	（日本の）県、府	 pre「前に」fect「する」ure[名詞語尾]=「知事 (＝人前に立ち行動する人) の管轄にあるものである」
876	council	（地方）議会	con-（一緒に）＋calo（呼ぶ）
877	administration	管理（部）	ad(方向)+minister（仕える人(minis（小さな）+ter(人）))+tion[名詞語尾]
878	curriculum	教育課程　カリキュラム	currere(流れる)
879	precious	貴重な	pretium(値段)
880	generous	寛大な	gene「生む」ous「性質」=「由緒ある家柄に生まれて度量が広い」
881	casual	何気ない	casus（偶然）＋-alis（〜の）→casus（落ちた）
882	optimistic	楽観的な	optimist（楽観主義者）＋-ic（〜の）→optimus（最も良い）
883	rough	粗い	ruh（でこぼこの）
884	unpleasant	不愉快な	un(否定）+pleasant(喜ばしい)
885	Arctic	北極の	arktos（熊）＝「おおぐま座がある方角の地域」
886	ultimate	究極の	ulter（遠く彼方の）＋-imus（最上級）
887	deaf	耳が聞こえない	dheubh(混乱、困惑、めまい、といった意味の単語の一部）
888	genuine	本物の	gene「生む」＝「生まれながらの、根っからの」
889	manual	体[手]を使う	manu「手」al「性質」
890	mechanical	機械の	mekhane（からくり）
891	instant	即時の　すぐの	in-「その方向へ」st「立つ」. そばに立ってすぐに役立つよう準備している
892	spare	余分の　予備の	sparjana（取っておく）
893	immune	免疫を持つ	im「否定」mun「変わる」/in-（否定）＋munus（勤労；義務）（ローマ教皇から課役や課税を免除)
894	harsh	厳しい	harsch（ざらざらした）→?haer（毛）
895	collective	集団の　共同の	一緒に（com-）集まっ（lego）ている（-ivus）こと
896	inevitable	避けられない	 in-（否定）＋e-（外へ）＋vito（避ける）＋-abilis（可能な）
897	profound	重大な	 pro「前に」fund「底」=「底に向かって進む」
898	steady	着実な　一定の	sted（場所）＋-i（〜の）
899	mature	成熟した	maturus（熟した）
900	likewise	同様に	like（似ている）＋-wise（〜の方法）
901	chase	追跡する	capio（捕まえる）
902	sue	告訴する	sequi(続く)
903	gaze	じっと見る	ga（注視する）
904	slip	滑る	(s)lei-(ヌルヌル、ベトベト、ツルツル）
905	load	積む	lode（道）
906	overwhelm	圧倒する	over-（上に）＋whelm（水で覆う）
907	wander	歩き回る	windana（曲がりくねる）
908	float	漂う　浮かぶ	"pleu- ""流れる"""
909	pour	注ぐ	puro（純正にする）
910	substitute	代わりに使う	sub「代理」st「立つ」
911	pronounce	発音する	pro-「前に」nounce「叫ぶ」
912	shrink	縮む　縮小する	sker-（しわが寄る；ねじる）
913	restore	回復させる	re「再び」st「立つ」
914	trigger	引き起こす	trekker（引き手）
915	grab	つかむ	grabben（つかむ）
916	retain	保持する	re「後ろへ」tain「つかんで離さない」
917	reproduce	複製する	?re-（再び）＋produce（生み出す）→pro-（〜の前へ）＋duco（導く）
918	bob	上下に動く	擬音語？
919	entertain	楽しませる	enter「間の」tain「つかんで離さない」
920	interfere	干渉する　介入する	entre-（間に）＋ferir（打つ）
921	cultivate	養う	cult「耕す」+ate「する」
922	underlie	根底にある	under-（下に）＋lie（横たわる；ある）
923	anticipate	予期する	ante「前に」cip「つかみ取る」ate「する」
924	justify	正当化する	just「ただしさ」ify「する（つくる）」
925	regulate	規制する	regula（定規）→rego（真っすぐに導く）＋-ula（道具）
926	scan	走査（スキャン）する	scandere (登る)
927	classify	分類する	classe（部類）＋-fier（〜を作る）
928	submit	提出する	sub「下に」mit「送る」
929	pause	（一時的に）中止する	pone「置く」
930	lean	傾く	lenen（傾く）
931	bump	ぶつかる	擬音語？
932	fold	折り畳む	folden（折る）
933	hesitate	躊躇する　ためらう	hes「粘着する」ate「する」
934	pump	（液体・気体を）ポンプで送り込む	オランダ語pomp
935	mount	添えつける	mons(山)
936	exceed	超える	ex「外へ」ceed「進む」
937	undergo	経験する	under（下に）'+'go（行く）
938	confront	立ち向かう	con-（一緒に）＋frons（額）=「額を突き合わせること」
939	consult	相談する	com  (一緒に) +selere  (取る、集まる)
940	fulfill	実現させる	full（いっぱいの）＋fyllan（満たす）
941	privilege	特権、特典	privus（個人の）＋lex（法律）
942	formation	形成	forma（形）
943	dimension	側面　局面	dimensio（寸法）→dis-（別々に）＋metior（測る）
944	neuron	ニューロン　神経単位	（ニューロ（neur-）＝神経）の オン（on＝単位・粒子）
945	sensation	感覚	sentio（感じる）
946	chart	図　グラフ	charta（地図）→khartes（一枚の紙）
947	geography	地理	geo(地)とgraphia(記述)
948	panel	（専門家の）一団	pannus（布）＋-ellus（小さい） 「陪審員が記載せられた一枚の羊皮紙」
949	semester	（2学期制の）学期	sex（六）＋mensis（月）「六か月続くもの」
950	workforce	労働人口　総労働力	work（仕事）＋force（力）
951	mill	製造工場	melh-（すりつぶす）
952	abuse	乱用	ab「離れた」use「使う」＝「普通からかけ離れた使い方」
953	vice	（道徳上の）悪	vitium（悪行）
954	fate	運命	fatus（告げられた）
955	tragedy	悲劇（的な事態）	tragos（雄やぎ）＋oide（歌）ギリシア悲劇である怪物（半身やぎ）を歌ったことから
956	scenario	（予想される）筋書き　事態	scene（場面）＋-ery（場所）
957	allergy	アレルギー	allos（他の）+ergon（働き）注射によって異常反応が起きたことから
958	wound	（銃弾　刃物などによる）傷	wen-（打つ）
959	antibiotic	抗生物質	anti（対抗）とbioticus（生物の）
960	vaccine	ワクチン	"vaccinus ""牛に関する"" vacca(牝牛）"
961	metaphor	隠喩	meta(超える)とpherein(運ぶ)
962	folk	人々	fulkaz（群衆；集団）
963	fare	（乗り物の）料金	faran 「旅」
964	transition	移り変わり	trans「向こう側へ」it「行く」ion「こと、もの」
965	maximum	最大限	magnus（大きい）＋-imus（最上級）
966	galaxy	星雲　銀河	"galaksias (天の川)（gala, “乳”＋ kuklos “円、球”）(ミルキーウェイ）"
967	mineral	鉱物	mine（鉱山）al（のような）
968	skeleton	骨格	skeletos（干からびた）＋soma（体）の短縮形
969	counterpart	相当する[人]	contre（〜に対する）＋partie（部分）
970	stroke	脳卒中	strac（打つ）
971	pedestrian	歩行者	pes（足）→ped-（歩く）
972	trail	（野山などの）小道	tragh-（引きずる・引きずった跡）
973	ecology	生態学	oikos（生息地；家）＋logia（研究）
974	sibling	きょうだい（の1人）	sib（血縁者）＋-ling（小さい）
975	ratio	比率	reor（計算する）＋-tio（こと）
976	mixture	混合（物）	mix(混ぜる）+ture(名詞語尾）
977	charm	魅力	carmen（歌；呪文）→kan-（歌う）
978	ambition	願望　野望	あちこち（ambi-）行く（eo）こと（-ion）
979	prominent	卓越した	pro-「前に」men「突き出る」-ent「性質」
980	radical	急進的な	radix（根）＋-alis（〜の）
981	prompt	即座の　迅速な	pro-（〜の前へ）＋emo（取る）
982	informal	形式ばらない　略式の	in-（否定）＋formal（型通りの）→forma（形）
983	mutual	相互の	mut「変える/動く」al「性質」
984	neutral	中立の	ne ?(否定?) +? uter ?(両方のどれか?)
985	alert	警戒して	al'erte（監視して）→?all'（〜へ）＋erta（塔）
986	magnetic	磁気の	磁石を偶然発見した羊飼いマグネス
987	polar	流ちょうな	polus（軸）
988	fluent	外部の	flu「流れ」ent「性質」
989	external	受動的な	exter（外側の）＋-alis（〜の）
990	passive	受動的な	pati(苦しむ)
991	awful	ひどい	awe（畏れ）'+'ful（〜の多い、形容詞化）
992	unrelated	無関係の	un(否定）+relate(関係する）+ed[受け身]
993	cruel	残酷な	crudus（血の）
994	fake	偽の	pek-（取り付ける）= 「偽造」
995	vulnerable	（攻撃などに）弱い　もろい	vulnus 「傷」
996	urgent	緊急の	urge（促す）
997	spiritual	精神の	spiro（息をする；生きている）
998	modest	謙虚な	modus（限度）
999	keen	熱心な	cene（感覚が鋭い）
1000	nonetheless	それにもかかわらず　それでもなお	none+the+less
1001	negotiate	交渉する	neg（ない）+ otiate（暇である）
1002	grasp	把握[理解]する	ghreyb-（つかむ）
1003	donate	寄付する	don「与える」ate「する」
1004	arrest	逮捕する	"ad ""to〜へ""+ restare ""止まる　とどまる"" "
1005	crack	ひびが入る	krakona（割れた音を立てる）
1006	tap	軽くたたく	dab-（叩く）
1007	split	分割する	spel-（引き裂く）
1008	forecast	予想[予測]する	for-（〜の前に）＋casten（投げる）
1009	exclude	除外する	ex「外へ」clude「閉じる」
1010	overlook	見落とす	over-（越えて）＋look（見る）
1011	burst	破裂する	bhres-（破れる；壊れる）
1012	heal	（人・傷など）を治す	hailaz（健康な）
1013	forbid	禁じる	"for- ""反対に"" + beodan ""命令する"""
1014	install	インストールする	in「中へ」st「立つ」
1015	diminish	減らす	de(完全に)+minuere(小さくする)
1016	cite	引き合いに出す	cito（呼び出す）
1017	quote	引用する	quoten（章番号で示す）
1018	dispute	異議を唱える	dis-（ばらばらに）＋puto（考える）
1019	highlight	目立たせる　強調する	high「高い」「強い」+light「光」
1020	distract	（注意などを）そらす	dis「離れて」tract「引っぱる」
1021	cheat	だます	「不動産復帰（escheat）担当の役人のようにいかさますること」
1022	foster	はぐくむ	fostor（食物）
1023	obey	従う	ob-（対して）＋audio（耳を傾ける）
1024	bend	曲げる	bandijana（弓を張るために曲げる）→bhend-（縛る）
1025	deprive	（権利などを）奪う	de(完全に)+privare(解放する/奪う)
1026	govern	統治する　支配する	kybernan「舵をとる」
1027	log	ログオンする	logbook（航海日誌）→log（丸太）＋book（本）→「丸太で測った船の速度と進み具合を記録した日誌」
1028	transmit	伝える	trans「向こう側へ」mit「送る」
1029	bully	いじめる	boel（恋人）＋-y（こと）＝「遊女の乱暴な世話役」
1030	leap	跳ぶ	hlaupana（飛び跳ねる）
1031	astonish	驚かす	ex(外)とtonare(雷を落とす)
1032	thrill	ぞくぞくさせる	thyrlian（突き刺す）
1033	nod	うなずく	knu-（どんどん叩く）「首を上下に振ること」
1034	bow	おじぎする	bhewgh-（曲がる）
1035	blend	混ぜる	"blandan ""混ぜる"""
1036	complicate	複雑にする	com「共に」ply「折る」ate「する」ed「性質」
1037	pitch	投げる	pikkona（ついばむ）「的に向かって投げること」
1038	persist	続く	per「徹底的に」sist「立つ」
1039	dedicate	ささげる	de-（〜から離れて）＋dico（宣言する）＝宣言して身から離すこと/話をせずに黙々と続けること
1040	equip	備えつける	esquiper（船積みする）
1041	premise	前提	preは「前」でmiseは「送る、置く」
1042	input	入力（情報）投入	in(中へ）+put（入れる）
1043	merit	利点	mereo（評価に値する）＋itum（こと）
1044	sympathy	同情	sym「一緒の」pathy「感情」
1045	compliment	賛辞	com-（強調）＋pleo（満たす）
1046	infrastructure	インフラ　基本的施設	infra-（下部）＋structure（構造）
1047	ray	光線	radius（光線；車輪の軸と輪とを放射状につなぐ細い棒）
1048	distress	苦悩	dis-（強調）＋stringo（締め付ける；圧迫する）
1049	joint	関節	joindre（接合する）の過去分詞 
1050	expedition	遠征（隊）探検（隊）	ex「外へ」pede「足」tion「こと、もの」
1051	adolescent	青年	ad-（方へ）＋oleo（成長する）＋-sco（開始）+ent（人、もの）
1052	shade	（日）陰	skey-（暗闇）
1053	jury	陪審（員団）	jure「法律」y「こと」＝「法的な判断をする人」
1054	ethic	倫理　道徳	etho（慣れている）
1055	penalty	（刑）罰	penal（刑罰の）＋-ty（こと）→poena（罰）
1056	faculty	能力　機能	faculte(能力)
1057	scheme	計画	skhema（形；外見；輪郭線；輪郭線で描いた図）
1058	nutrition	栄養（の摂取）	nutrire（栄養を与える、養う）
1059	particle	（微）粒子	pars（部分）＋-cula（小さい）
1060	molecule	分子	moles（塊）＋-cula（小さい）
1061	nationality	国籍	national（国家の、国民の）＋-ity（抽象名詞）
1062	poll	世論調査	pol（頭）
1063	clinic	診療所　クリニック	clin「横たわる」「傾ける」
1064	dementia	認知症	de「否定」ment「考える」
1065	fatigue	疲労	fatis（疲労）＋ago（する）
1066	dilemma	ジレンマ　板ばさみ	di「2つ」+lemma「仮説」「前提」
1067	queue	（順番を待つ）列	cue（しっぽ）
1068	curve	（道路などの）カーブ	ker-（曲がる）
1069	narrative	物語　話	narro（語る）
1070	fingerprint	指紋	finger（指）＋print（模様）
1071	file	ファイル	fibra「繊維、フィラメント」（書類を糸で綴（と）じるイメージ）
1072	wilderness	荒野	wilde（野生の）＋deor（獣）＋-nes（抽象名詞）→wel-（森）
1073	pesticide	殺虫剤	pest（害虫）＋-i-（発音しやすくするための接辞）＋-cide（殺すもの）
1074	panic	パニック（状態）	Pan（人々に伝染する根拠のない恐怖をかきたてる謎めいた音を出す羊飼いの神）＋-ikos（〜の）
1075	fabric	織物　布（地）	faber（職人）→?dhabh-（形づくる）
1076	fantasy	空想	phant?z?（私が可視化する）
1077	fancy	（気まぐれな）好み	fantasy（空想）の短縮 
1078	virtue	美徳	vir（一人前の男）＋-tus（抽象名詞語尾）
1079	grateful	感謝している	gratus（感謝した）＋-ful（〜に満ちている）
1080	valid	妥当な	validus（力がある）
1081	elaborate	入念な	ex-（〜から出して）＋laboro（労働する）→?labor（仕事）
1082	moderate	適度な	modus（限度）→med-（測定する）
1083	dynamic	活動的な　精力的な	dynamis(力)
1084	brave	勇敢な	bravo（勇敢な）
1085	brilliant	すばらしい	briller（輝く）＋-ant（状態）→berillus（緑柱石）
1086	tremendous	途方もない　莫大な	tremo（震える）
1087	oral	口頭の	os（口）＋-alis（〜の）
1088	innocent	無罪の	in- (〜ではない) + nocere (害なう)
1089	subsequent	その後の	sub （下に）+sequ （続く、追う）+ ent [形容詞の語尾] 
1090	shallow	浅い	sceald（浅瀬）
1091	indifferent	無関心な	in-（否定）＋different（区別される）→differ（異なる）＋-ent（状態）
1092	inferior	より劣った	inferus（低い）＋-ior（比較級）
1093	awkward	気まずい	awk（不自然な）＋-ward（傾向のある）
1094	obese	肥満した	ob-（離れて）＋edo（食べる）
1095	pregnant	妊娠した	pre(前)とgenus(生まれ)
1096	intimate	親密な	intus（内側の）＋-imus（最も）
1097	medieval	中世の	medius（真ん中の）＋aevum（時代）
1098	sacred	神聖な	sacren（聖別する）＋-ed（過去分詞語尾）→sehk-（神聖な）
1099	simultaneously	同時に	simultim（同時に）＋-aneous（〜の）→simul（同時に）
1100	versus	（A versus Bで）Ａ対Ｂ	verto（向きを変える）
1101	proceed	進む　進行する	pro-（〜の前へ）＋cedo（行く）
1102	orient	慣らす	orient（東）→oriens（日の出）→orior（立ち上がる）
1103	surf	（インターネット上の情報などを）見て回る	(海岸・岩などに砕ける)打ち寄せる波
1104	filter	ろ過する　取り除く	"filtrum ""羅紗　フェルト"""
1105	bind	縛る	band（縛るひも）
1106	resort	訴える　頼る	re（再び） sort（出向く）
1107	reinforce	強化する	re-（再び）＋inforce（強める）→in-（中に）＋fortis（力強い）
1108	accumulate	蓄積する　集める	ad-（[to] 〜へ）＋cumulo（積み上げる）→cumulus（山）
1109	bet	確信する　断言する	良い（bataz）と思うものに賭けること
1110	advocate	主張する	ad- 「〜に」+ （＊）voc? 「呼ぶ」
1111	constitute	構成する	con-（共に）＋ stitute（形成する）
1112	undertake	引き受ける	under-（下に）＋take（取る）「下に手を掛ける；根っこを掴むこと」
1113	grip	握る	gripana（つかむ）
1114	dismiss	（意見などを）退ける	散り散りに（dis-）送る（mitto）こと
1115	fade	薄れる	fade（弱った）
1116	conceal	隠す	con-（強調）＋celo（隠す）
1117	chew	噛む	gyewh-（噛む）
1118	swallow	飲み込む	swelk-（飲む）
1119	seal	密閉する	signum（印）
1120	migrate	移住する	migro（移住する）→mey-（変える）
1121	exaggerate	誇張する	?ex-（〜の上に）＋aggero（積み上げる）→?agger（堆積）
1122	accuse	非難する	ad(方向)とcausa(理由)→「理由をつけて人を訴えること」
1123	vanish	消える	vanus（空っぽの）
1124	polish	磨く	polio（磨く）
1125	wipe	拭く	"wipjan ""前後に動かす"""
1126	sweep	掃く	swayb-（素早く動かす）
1127	mislead	誤解させる　欺く	mis(誤って）+lead（導く）
1128	spoil	台無しにする	"spolio- ""皮、皮膚"""
1129	compound	悪化させる	com-（一緒に）＋pono（置く）
1130	explode	爆発する	ex-（外へ）＋plaudo（手を叩く）
1131	disgust	むかつかせる	des-（〜の反対の）＋goster（味を見る）
1132	commute	通勤[通学]する	com-（一緒に）＋muto（交換する）
1133	decorate	装飾する	dek-（魅了する）
1134	postpone	延期する	post-（〜の後ろに）＋pono（置く）
1135	cease	やめる	cedo（去る）
1136	compromise	妥協する	相互の（com-）約束（promise）
1137	elect	選出する	ex-（外に出して）＋lego（選ぶ；欲する）
1138	extract	取り[搾り]出す	ex-（〜の外へ）＋traho（引き抜く）
1139	inherit	受け継ぐ	?in-（〜の中に）＋heredito（相続する）
1140	rear	（人・動物・植物を）育てる	reren（上げる）
1141	empathy	感情移入　共感	ドイツ語Einf?hlung（ ein（中）+f?hlung（感情））
1142	cue	合図	quando（何時?）
1143	enterprise	企業　事業	enter(間)+prehendere＝「引き受ける」
1144	output	生産（高）	out（外へ）＋put（置く）
1145	congress	（米国などの）議会	com-（一緒に）＋gradior（歩いて行く）→?gradus（歩み）
1146	millennium	千年間　千年紀	mille（千）＋annus（年）＋-ium（こと）
1147	mankind	人類	man（人間）＋kind（種類）
1148	Muslim	イスラム教徒	「（神に）帰依する者」
1149	estate	（動産・不動産などの）財産	sto（立つ）
1150	landmine	地雷	land (地面) + mine (爆発物).
1151	caution	用心	caveo（注意する）＋-tio（こと）
1152	controversy	論争	contro(反対)+versus(回る)
1153	consensus	総意	con-（一緒に）＋sentio（感じる）
1154	retail	小売り	re-（後ろへ）＋talio（切る）＝「小分けして売ること」
1155	fiber	繊維（質）	fibra（繊維）
1156	scent	（よい）香り	sentio（感じる）
1157	beverage	（水以外の）飲み物　飲料	beivre（飲む）＋-age（もの）→bibo（飲む）
1158	supplement	栄養補助剤　サプリメント	下から上へ（sub-）満たす（pleo）こと（-mentum）
1159	diabetes	糖尿病	di? 「〜を通って」+ bainein 「行く」⇒ 『通っていく、過度の水が体内を通り抜ける/喉が渇いて多飲多尿の症状が出る病気』
1160	province	州　省	pro-（〜に対して）＋vinco（征服する）
1161	reef	（岩や砂の）礁	hrebh-（屋根） 「海底から見て尾根にあたる場所」
1162	microbe	微生物	mikros（小さい）＋bios（生命体）
1163	excess	過剰　超過	ex-（〜の外へ）＋cedo（行く）
1164	gallery 	美術館　画廊	Galilaea（キリストが福音を説いたパレスチナ北部の地名）
1165	fame	名声	bheh-（話す）
1166	deadline	締め切り	dead（死んだ）＋line（線）「超えてしまうと命が無い線」
1167	undergraduate	学部学生	under(下）+graduate(大学院生）
1168	slavery	奴隷制度	Slav（スラヴ人）
1169	prey	獲物	prey(捕食する)
1170	mess	散らかった状態[物]	missus（食卓に置かれた食事）
1171	recession	不況	re (後ろに）+ cess (行く）
1172	retreat	後退　退却	re-（〜の後ろへ）＋traho（引く）
1173	grave	墓	ghrabh-（掘る）
1174	column	コラム	columna（支柱）
1175	scenery	景色	scene（場面）＋-ery（場所）
1176	plot	（小説などの）筋	plot（土地の一区画）→plataz（継ぎ当ての布切れ）
1177	sculpture	彫刻（作品）	sculpo（刻む）＋-tura（行為）
1178	tablet	タブレット（型情報端末）	table（板；台）＋ -ete（小さな）
1179	dense 	密集した　密度の高い	densus（濃い）
1180	exotic	外来の	exo-（外側に）＋-tikos（〜の）
1181	acid	酸性の	aceo（酸っぱい）＋-idus（状態）
1182	bitter	苦い　つらい	bitraz（苦い）→?bitana（噛む）
1183	sensible	賢明な	sensus（感じた）＋-ibilis（〜できる）
1184	noble	高貴な	nobilis（名高い）→?nosco（知る）＋-bilis（〜できる）
1185	vague	漠然とした　あいまいな	vagus（さすらう）
1186	parallel	平行[並行]の	para(近く)+allelois(お互い)
1187	tense	張り詰めた　緊張した	ten-（伸ばす）
1188	vertical	垂直の	vertex（回転の軸）＋-alis（〜の）
1189	indigenous	原産の　先住の	indi-（中に）＋gigno（産む）
1190	aboriginal	アボリジニの	"ab ""〜から"" + origo ""始め、源、誕生"""
1191	seasonal	季節の　季節的な	"sati?, -?nis 「種蒔き」"
1192	abundant	豊富な	ab-（離れて）＋undo（あふれる）＋-ans（状態）
1193	hybrid	ハイブリッドの	hybrida（イノブタ＝豚とイノシシから生まれたもの）
1194	irrelevant	無関係の	in-（否定）＋relevant（関係のある）
1195	ridiculous	ばかげた	rideo（あざ笑う）＋-icus（〜の）＋-ulus（指小辞）
1196	fairy	妖精の（ような）	faerie（妖精の国；夢）→fae（妖精）＋-erie（場所>-arium）
1197	sensory	感覚の	sent-（感じる）
1198	chronic	慢性の	khr?nos 「時間（time）」
1199	voluntary	自発的な	volo （欲する）
1200	inclined	傾向がある	in-（〜の中に）＋clino（傾く）
1201	infer	推論する　推測する	in-（中に）＋fero（運ぶ）
1202	esteem	尊敬する	ais-temos（銅を切り分けて貨幣を鋳造する者）
1203	tackle	取り組む	takel（滑車装置）→??taken（しっかり握る）
1204	venture	危険を冒して進む	vent 「来る」
1205	accelerate	加速させる　促進する	ad(方向)+celerare(速める)
1206	accustom	（人を）慣れさせる	ac=の方へ、custom=習慣
1207	amuse	おもしろがらせる　楽しませる	a-（〜へ）＋muser（驚いてじっと見つめる）
1208	flourish	繁栄する　	floriss-（花が咲く）→?flos（花）
1209	thrive	繁栄する　うまくいく	terp-（満足させる）
1210	nurture	はぐくむ	nutrio（乳を飲ませて養う）＋-tura（もの）naw(乳を吸わせる）
1211	click	クリックする	カチッという音
1212	spin	回転する	糸車で糸を紡ぐ（spinnna）こと
1213	clip	切り抜く	おそらく擬音語
1214	drag	引きずる	dreg-（引っ張る）
1215	cast	投じる	kasta（投げる）
1216	scatter	まき散らす	skat-（まき散らす）
1217	tempt	気にさせる	tendo（伸ばす）＋-to（反復）
1218	withdraw	引き出す	with-（後ろへ）＋draw（引く）
1219	yawn	あくびをする	ginian（あくびをする）
1220	blink	まばたきする	"おそらくblinken ""キラキラ光る"""
1221	dye	染める	dhewbh-（暗くする）
1222	spill	こぼす	spel-（引き裂く）
1223	irritate	いらいらさせる	irrito（刺激する）
1224	insult	侮辱する	〜に（in-）飛び掛かる（salio）こと
1225	enforce	施行[実施]する	in-（〜の中に）＋fortis（強い）
1226	rob	（金品を）奪う	rabona（奪う）
1227	drain 	（液体を）流出させる	draugiz（乾燥した）→der-（堅くする）
1228	suspend	停職[停学　出場停止]にする	sub-（〜の下に）＋pendo（ぶら下げる）
1229	drift	漂う	dribana（押し出す）
1230	forgive	許す	fra-（離れて）＋gebana（ 手渡す）/Perdonare「完全に与える」から翻訳借用
1231	revise	修正する	re-（再び）＋viso（見る）
1232	recruit	募る	re-（再び）＋cresco（増やす）
1233	twist	ねじる　ひねる	twis（ふたつ）→ 「二本の糸をより合わせること」
1234	crush	押しつぶす	krostjan（押しつぶす）→擬音
1235	pin	ピンで留める	「点」を意味するポルトガル語「pinta」
1236	uncover	暴く	un-（否定）＋cover（覆いを掛ける）
1237	exploit	活用する	ex-（〜の外へ）＋plico（折る）
1238	implement	実行[実施]する	in- 「中に」+ ple? 「満たす」 
1239	integrate	統合する	in(否定)とtangere(触れる)
1240	incorporate	取り入れる	in(中)+corpus(体)
1241	profile	人物の紹介	profilo（輪郭を描くこと）→pro（〜の前へ）＋filare（線を引く）
1242	appetite	食欲	ad-（方へ）＋peto（求める）
1243	impulse	衝動	im-（中に）＋pello（駆り立てる）
1244	script	台本	scribo（書く）→skreybh-（引っかく）
1245	anniversary	（〜周年）記念日	annus（年）＋verto（回転する）＋-arius（〜の）
1246	pension	年金	pendo（支払う）→pend-（伸びさせる）
1247	temper	気質　気性	 tempero（正確に分ける；混ぜる；穏やかにする）
1248	cortex	皮質	"cortex ""木の皮 """
1249	syndrome	症候群	sun-（一緒に）＋dromos（走ること）
1250	chamber	（特定の目的の）部屋	ラテン語camera(部屋）
1251	utility	公共事業	uti （使用・利用する）
1252	cattle	牛	catel（財産）→kaput（頭）「財産としての家畜」
1253	herd	（牛などの）群れ	herdo（群れ）
1254	fluid	流動体　液体	fluo（流れる）＋-idus（性質のある）
1255	pity	残念なこと	pius（信心深い）＋-itas（こと）→pewH-（清める）
1256	priest	聖職者	presbys（年長者（牛を率いるもの））pres（前）+bous（牛）
1257	acquaintance	知人	ad(方向)+com(一緒)+gnoscere(知る)
1258	offspring	子孫　子	off（〜から離れて）＋spring（湧き出る）
1259	famine	飢饉	fames（飢え）
1260	deforestation	森林伐採	de-（〜の反対に）＋forest（植林する）
1261	jail	刑務所　拘置所	gaiole（刑務所）→caveola（ケージ）→cavea（空洞）＋-ola（指小辞）
1262	commodity	商品　	com(共通の)+modus(尺度)→「便利な状態」→「便利なもの」
1263	format	書式　形式	forma(形）
1264	recipient	受け取る人	re-（後ろへ）＋capio（取る）
1265	drill	訓練	drillen（穴をあける・回す・回転する）
1266	inability	無能　無力	in- (否定) + ability（能力）
1267	republic	共和国	res（国家）＋publica（人々の）
1268	combat	戦闘	com-（一緒に）＋battuo（打つ）
1269	debris	（破壊された後の）残骸　瓦礫	de-強意＋bris-割る、砕く
1270	bug	病原菌（が起こす病気）	bugge（甲虫）
1271	fraction	わずか　一部	fraccion (壊すこと)
1272	index	指標	indico（指し示す）→?in-（〜の中に）＋dico（言う）
1273	intuition	直観（力）　直感	in-（中に）＋tueor（じっと見る）「霊感」がもともとの意味
1274	motive	動機	mot- :ラテン語movere =  (動く、動かす)
1275	consent	同意　承諾	con-（一緒に）＋sentio（感じる；意見を持つ）
1276	hierarchy	（社会の）階層制	hieros（聖なる）＋arkhia（支配）
1277	monument	記念碑　遺跡	moneo（思い出させる）
1278	asset	資産	ad（〜に）＋satis（十分な）「十分な資産」
1279	decent	まずまずの	decet（装飾する）＋-ens（現在分詞）
1280	competent	有能な	com-（一緒に）＋peto（求める）「十分太刀打ちできる能力があること」
1281	straightforward	単純な	straight（真っすぐな）＋forward（前へ）
1282	cosmetic	化粧の　美容の	kosmos(秩序)
1283	delicate	繊細な	de-（強調）+lacio（誘惑する）
1284	interior	室内の	inter（〜の内部に）＋-ior（比較級）
1285	transparent	透明な	trans-（〜を越えて）＋pareo（見える）
1286	aesthetic	美的な	aisthesis（知覚）
1287	deliberate	故意の	de-（強調）＋libro（天秤にかける）→libra（天秤）「天秤にかけること」
1288	demographic	人口統計学の	demos 「人々」＋ graphie 「研究」
1289	prehistoric	有史以前の	pre-（前に）＋historic（歴史上の）
1290	innate	生まれながらの	in (中に) + nate (生れつき持つ)
1291	mild	穏やかな	smelt-（溶ける）
1292	toxic	有毒な	toxikos（毒矢に使う毒物）→toxon（弓）
1293	ashamed	恥じて	a(強意）+shame(恥）
1294	humble	謙虚な	humus（地面）
1295	peculiar	特有の	peku（家畜）「私有財産」
1296	steep	（傾斜が）急な	(s)teu-「押し出す/突き出す」 ⇒ 「突き出る/非常に高い」
1297	trivial	ささいな　取るに足りない	tri-（三）＋via（道）「取るに足らないとされた三つの科目」
1298	magnificent	壮大な	より（-ior）大きな（magnus）ことをし（facio）ている（-ent）こと
1299	wireless	無線（電信）の　ラジオの	wire(線）＋less(無い）
1300	ongoing	継続している　進行中の	on（〜の上に）＋go（行く）＋-ing（〜している）
1301	assure	自信をもって言う	ad-（〜へ）＋se-（離れて）＋cura（心配）
1302	precede	先行する	prae-（〜の前に）＋cedo（行く）
1303	revive	復活させる	re-（再び）＋vivo（生きている）
1304	compel	強いる	com-（強調）＋pello（押し出す）
1305	blossom	花が咲く	bhel-（栄える、花が咲く） 
1306	terrify	怖がらせる	terror（恐怖）＋facio（作る）
1307	violate	（法律　規則など）に違反する	vis（暴力）
1308	suppress	抑える	sub-（〜の下に）＋premo（押し付ける）
1309	deceive	だます	事実から離れた（de-）理解をさせて（capio）だますこと
1310	manipulate	（巧みに）操る	mani(手)+pul(満たす)+ate(する) 
1311	starve	飢える	ster-（硬い）
1312	flee	逃げる	plew-（飛ぶ）
1313	whisper	ささやく	kwey-（シューという音を立てる）→擬音 
1314	yell	叫ぶ　どなる	ghel-（叫ぶ）
1315	deposit	置く	de-（下に、離して）+pose（置く）
1316	confine	限定する	com(共に)+finis(終わり)
1317	swing	揺らす　振る	sweng-（回す）
1318	prolong	長引かせる	pro-（前へ）＋longus（長い）
1319	depict	描く	"de ""下"" + pingere ""塗る"""
1320	outline	要点を述べる	out（外の）＋line（線）
1321	shed	捨て去る	sek-（切る）
1322	emit	（光・熱などを）出す　排出する	ex-（〜の外へ）＋mitto（放つ）
1323	renew	更新する	re-（再び）＋new（新しい）
1324	utilize	利用する	役立つ（utile）ようにする（-ize）こと
1325	assert	主張する	〜へ（ad-）手を置いて（sero）宣言すること
1326	strain	負担をかける	stringere(引っ張る)
1327	strive	努力する	ster-（硬い）
1328	dare	あえて[思い切って]・・・する	durran（あえて〜する）
1329	boast	誇る	bost（自慢話）→bausus（膨らんだ）→?bhew-（膨らむ）
1330	startle	びっくりさせる	start（静止した状態から急に動きだす）＋-le（繰り返し）
1331	offend	気分を害する	ob-（〜に対して）＋fendo（打つ）
1332	compute	計算する	"com ""一緒に"" + putare ""数える"" ""剪定する"" 「（木のどこを切ればよいかを）一緒に判 断する」"
1333	assemble	集める	ad-（方へ）＋simul（同時に；一緒に）→sem-（ひとつに）
1334	worsen	悪化させる	worse（より悪く）＋-en（する）
1335	flip	（ぱっと）裏返す	擬音語
1336	rub	こする	？
1337	descend	降りる	de(下)+scandere(登る)
1338	compensate	補償する	com-（一緒に）＋penso（重さを量る）
1339	comprise	から成る	com（共に）+prise（つかむ）「いっしょにまとめてつかむ」
1340	prevail	普及している	praevaleo（勝っている）→?prae-（〜の前に）＋valeo（力がある）
1341	quest	探求	quaero（探し求める）
1342	dignity	尊厳	dignus（立派な）＋-tas（こと）→dek-（魅了する）
1343	criterion	（判断・評価の）基準	krino（裁く）
1344	paradox	逆説	para(反対)+doxa(意見)
1345	parliament	（英国などの）議会	parler（話す）＋-ment（こと）
1346	legislation	法律	legis（法律の）＋latio（運ぶこと）
1347	agenda	協議事項（リスト）	agere「行う、行動する」
1348	mainstream	（活動・思想などの）主流	main (主な) + stream (流れ)
1349	troop	軍隊	thurpa（人の集まり；集落）
1350	epidemic	流行（病）	大衆（demos）の上で（epi-）流行るもの
1351	outbreak	発生　勃発	out（外へ）＋break（破る）
1352	chaos	混沌　大混乱	khaos（底知れぬ深い穴）
1353	nightmare	悪夢（のような状況）	night（夜）＋mare（寝ている人の胸に座る悪霊）
1354	horror	恐怖	horrere「（髪が）逆立つ」
1355	cluster	集団	cluster（房）→kultaz（塊）
1356	pollen	花粉	pollen（細かい粉）→pel-（粉末）
1357	hive	ミツバチの巣（箱）	hubi（蜜蜂の巣箱）
1358	irrigation	灌漑	in-（〜の中に）＋rigo（水を流す）→?reg-（湿った）
1359	dose	（薬の1回分の）服用量	dosis(与えること)
1360	suicide	自殺	sui（自分自身の）＋-cida（殺す人）
1361	feast	祝宴	festus（祝祭日の）→dhehs（神）
1362	cuisine	（独特の）料理　料理法	coquo（料理する）
1363	rumor	うわさ	raw-（騒ぎ立てる）
1364	proverb	ことわざ	pro(前)+verbum(言葉)
1365	signature	署名	signo（印を付ける）＋-tura（行為の結果）→sek-（切る） 「しるされたサイン」
1366	formula	方法　解決策	forma（形）＋-ulus（小さい）=「一つの（-ula）型（forma）」
1367	tuition	授業料	tueri(見守る)
1368	intake	摂取量	in-（〜の中に）＋take（取る）
1369	spectrum	スペクトル	"specere ""見る"""
1370	kidney	腎臓	「kidn」（子供と鞘の2説あり）＋「ey」（卵）＝「小さな卵、あるいは鞘型をした卵」
1371	gear	用具（一式）器具	"おそらくg?rvi  ""衣服、装備"""
1372	aisle	（座席間などの）通路	?la 「翼」
1373	grief	深い悲しみ	gravis（重い）
1374	destiny	運命	de-（強調）＋stano（立てる）「定め」
1375	skull	頭骨　頭蓋骨	"おそらくscealu ""殻""に関係"
1376	tomb	墓	tewh-（膨らむ） 「土饅頭」
1377	monk	修道士　僧	mokhos（人里離れた）→monos（たった一人の）
1378	worship	崇拝　礼拝（式）	weorth（価値がある）＋-sciepe（状態）
1379	outstanding	際立った	「out（外）」+「stand（立つ）」
1380	unprecedented	前例のない	un-（否定）＋precedent（前例）(prae(前)とcedere(行く))
1381	infinite	無限の	in-（否定）＋finitus（終わった）
1382	worthwhile	価値がある	worth（価値のある）＋while（時間）
1383	indispensable	不可欠な	in-（否定）＋dispensabilis（無くても済む）→?dis-（ばらばらに）＋penso（量り分ける）+able(できる）
1384	compulsory	義務的な　強制的な	com-（強く）＋pello（押す）
1385	probable	十分にありそうな	証明（prove）できる（-able）こと
1386	ambiguous	あいまいな	ambi-（両方とも）＋ago（動く）
1387	obscure	（世に）知られていない	ob-（覆って）＋scurus（覆われた）
1388	skeptical	懐疑的な	spek-（見る）
1389	fragile	壊れやすい	frango（壊れる）＋-ilis（〜する可能性がある）
1390	static	静的な	sta(立つ)（じっと立つ）
1391	gradual	徐々の　緩やかな	gradus（歩み）
1392	vocal	声の　発声の	voc  (声) (呼ぶ) 
1393	vivid	鮮やかな	vivis(生きている)
1394	imperial	帝国の	imperium（帝国）
1395	hostile	敵意のある	hostis（敵）＋-ilis（傾向がある）→ghostis（よそ者）
1396	superficial	表面的な	super-（〜の上に）＋facies（外形）
1397	scarce	乏しい	excarpus（取り出した）→ex-（〜の外へ）＋carpo（採取する）
1398	gross	統計の	grossus（大きい）→grautaz（粗い）→gher-（粉をひく）「粗い；大きな全体の」
1399	inherent	生来の　本来的に備わっている	in(中)+haerere(付着)
1400	notable	注目に値する	noto（注目する）＋-bilis（〜出来る）
1401	update	最新のものにする	up（上へ）＋date（日付を付ける）
1402	refresh	（気分を）さわやかにする	re-（再び）＋fresche（新鮮な）
1403	bloom	花が咲く	blom（花）
1404	conquer	征服する	com-（強調）＋quaero（探し求める）
1405	induce	引き起こす	in-（〜の中に）＋duco（導く）
1406	attain	獲得する　達成する	ad-（〜へ）＋tango（触れる）
1407	spray	吹きかける　吹きつける	水をばらまく（sper-）こと
1408	retrieve	（情報を）検索する	re（再度）'+'trieve（見つける）
1409	portray	描く	線を引く（traho）ことを通して（por-）表現すること
1410	scratch	引っかく	scratten（引っかく）
1411	designate	指定する	de-（〜から外へ）＋signo（指し示す）
1412	contradict	矛盾する	contra-（〜に反対して）＋dico（言う）
1413	sigh	ため息をつく	擬音 
1414	disrupt	混乱させる	dis（離して）＋rupt（破裂する）
1415	depart	出発する	de-（〜から離れて）＋partio（分ける）
1416	navigate	誘導する	navis（船）＋ago（動かす）
1417	beg	切に頼む	？
1418	inhabit	住んでいる	in-（〜の中に）＋habito（住む）
1419	diagnose	診断する	dia-（通して）＋gigno（知る）
1420	comprehend	理解する	com-（一緒に）＋prehendo（つかむ）
1421	oblige	義務づける	ob-（〜に対して）＋ligo（縛る）
1422	cram	詰め込む	crammian（詰め込む）
1423	flock	群がる　集まる	flukkaz（鳥の群れ）→flukkona（飛ぶ）
1424	underestimate	過小評価する	under-(下） +? estimate （見積もる）
1425	clarify	明確にする	clarus（明るい）＋facio（作る）
1426	spark	引き起こす	sparko（火花）→?sper-（まき散らす）
1427	seize	つかむ	seisir（人の所有物を取る）
1428	soar	急上昇する	ex-（外へ出して）＋aura（空気）
1429	glow	光り[照り]輝く	ghel- (輝く) 
1430	disguise	変装させる	des-（離れて）＋guise（装い）
1431	distort	歪める	dis-（強調）＋torqueo（ゆがめる）
1432	undermine	徐々にむしばむ	under-（下に）＋mine（敵地に地下道を掘る）→mina（鉱石の採掘）「見えないところから切り崩すこと」
1433	abolish	廃止する	ab-（離れて）＋oleo（成長する）
1434	strip	取り去る	striepan（略奪する）
1435	dispose	処分する	dis-（別々に）＋pono（置く）
1436	dump	投棄する	擬音
1437	weave	織る	webh-（織る）
1438	refine	洗練する	re-（再び）＋fine（上質の）
1439	enrich	豊かにする	en-（中に）＋riche（豊かな）
1440	coordinate	調整する	co-（共に）＋ ordin-（並ぶ）＋-ate（動詞化）
1441	headline	（新聞などの）見出し	記事の頭（head）にある文字列（line）
1442	internship	実務「医学]研修	intern(抑留する/研修生)+ship(あり方)
1443	outlet	直売店　特売店	out（外へ）＋let（行かせる）
1444	remedy	治療（法）	re-（強調）＋medeor（治癒する）→med-（助言する）
1445	pill	調剤　丸薬	pila（玉）＋-ula（小さい）
1446	reception	反応	re-（〜の後ろへ）＋capio（取る）
1447	transaction	（商）取引	trans-（〜の向こう側に）＋ago（する）
1448	mutation	突然変異（体）	muto（かえる）
1449	dairy	乳製品	dey (“酪農婦”) 
1450	compassion	同情	com(一緒)+pati(苦しむ)
1451	posture	姿勢	pono（置く）＋-tura（行為の結果）
1452	curse	悪態　ののしりの言葉	curs（呪い）
1453	funeral	葬式	おそらくdheu(死ぬ）
1454	census	国勢調査	censeo（数える）
1455	encyclopedia	百科事典	encyclo(全般的な)+pedia（教育)：En-「特定の状態にする」cycle「円・広く」pedi「子供」-a「抽象化」.
1456	cereal	穀物	豊穣の女神セレス（Ceres）の
1457	fragment	断片	frango（砕く）＋-mentum（こと）
1458	patch	部品　斑点	pieche（一切れ；小片）
1459	rubbish	ごみ	rubous（壊れた建物のがれき）
1460	maze	迷路	m?s（うろたえた様子）
1461	outlook	見解	out（外へ）＋look（見る）
1462	breakthrough	大発見　飛躍的進歩	break（壊す）＋through（〜通り抜けて）
1463	triumph	勝利	"thriambos(triambos)「三裂掌状のイチジクの葉」tri""3""ianbos”""短-長""の韻律”/古代ギリシャの神、ディオニューソスの別名"
1464	ally	同盟国	al（〜と）+ligare（結びつける）
1465	spectator	（試合などの）観客	spek-（見る）
1466	sphere	領域	sphere(球)
1467	county	郡	conte（伯爵が治める土地）
1468	behalf	利益　味方	bi (“〜に付いて（by）”) + healfe (“側（half）
1469	interval	（時間の）間隔	inter-（〜の間の）＋vallum（城壁）
1470	circulation	循環	円（circus）を描いて動くこと（-tio）
1471	blade	刃	blada（葉；刃）→bhleh-（花が咲く）が語源。 「花びらのように平たいもの」
1472	theft	窃盗（罪）	theubaz（泥棒）＋-tho（抽象名詞語尾）
1473	vacuum	真空	vaco（空っぽの）
1474	collision	衝突	collide（衝突する）＋-ion（こと)  co（共に）lide（打つ）
1475	bargain	買い得品	bhergh-（守る）「値下げ交渉すること」
1476	landmark	（ある場所の）目印	land（土地）＋mark（印）
1477	revenue	歳入	re-（戻って）＋venio（来る）
1478	treaty	（国家間の）条約	tractare(扱う)
1479	supreme	最高の	supremus (superus（上の） の最上級) 
1480	thorough	徹底的な	thurh（〜を通り抜けて）
1481	naked	裸の	nogw(裸の）
1482	sincere	心からの	sem-（ひとつに）
1483	tame	飼いならされた　人に慣れた	demh-（飼いならす）
1484	insufficient	不十分な	in-（否定）→suffico（足りる）＋-ens（現在分詞）
1485	dim	薄暗い	dhewbh-（暗い）
1486	acute	（痛み・感覚などが）激しい	acus（針）
1487	disabled	障害のある	dis-（否定）＋able（できる）
1488	metropolitan	大都市の　首都圏の	母（meter）都市（polis）
1489	monetary	金銭的な	Moneta（ローマの守護神；ユノのあだ名；彼女の神殿で貨幣が鋳造された。 文字どおりの意味は；助言者）→moneo（助言する）
1490	alternate	代わりの	alter（もう一つ）
1491	partial	部分的な	pars（一部分）＋-alis（〜の）
1492	divine	神の	dei- : L.deus = (神)
1493	drastic	徹底的な　抜本的な	drao（行動を取る [act]）＋-sis（こと）
1494	fierce	獰猛な	ferus（野生の）
1495	sole	唯一の	solus(単独)
1496	spontaneous	自然発生的な	sponte（自発的に）
1497	spatial	空間の	speh-（伸ばす）
1498	neat	きちんとした	niteo（輝く）「きれいな」
1499	tidy	きちんとした　整頓された	tide（時間；季節）＋-y（〜の）
1500	loyal	忠実な	lex（法律；ルール）＋-alis（〜の）
1501	bless	恩恵を与える	blothisona（血で清める）
1502	regain	取り戻す	re-（再び）＋gain（得る）
1503	conform	順応する	con-（一緒に）＋formo（形づくる）
1504	enroll	登録する　入会する	en-（〜の中に）＋rolle（名簿）
1505	entitle	権利を与える	En-「特定の状態にする」title「肩書・権利」
1506	halt	止める	haldana（保持する）
1507	provoke	（感情・行動などを）引き起こす	pro-（〜の前へ）＋voco（呼ぶ）→?vox（声）
1508	invade	侵略する	in-（中に）＋vado（行く）
1509	squeeze	押し入る	queisen（絞る）
1510	crawl	はう	krabbo（カニ）
1511	digest	消化する	dis-（ばらばらに）＋gero（運ぶ）
1512	utter	（声を）発する	ut（外側に）
1513	refrain	控える	re-（〜の後ろへ）＋freno（制御する）
1514	populate	住む　住民である	populus (民衆)
1515	accommodate	収容する	ad-（〜に）＋commodo（合わせる）→com-（一緒に）＋modus（寸法）
1516	steer	操縦する	steh-（する）
1517	drown	溺死する	drinkana（飲む）の過去分詞 
1518	dip	浸す	dhewb-（深い）
1519	soak	浸す	su-（吸う）「水を吸わせること」
1520	stir	かき回す	sturiz（混乱）
1521	transplant	移植する	trans-（〜を越えて）＋planto（植える）
1522	reassure	安心させる	re-（再び）＋assure（確実にする）
1523	resume	再開する	re-（再び）＋sumo（取る）
1524	speculate	推測する	spek-（見る）
1525	surpass	上回る	sur-（上を通って）＋passer（通る）
1526	appoint	任命する	a(p)「〜を」+ point「指さす」
1527	intrigue	興味を持たせる	intricare「（髪など）をもつれさせる」
1528	decay	腐敗する	de-（〜から下に）＋cado（落ちる）
1529	contaminate	汚染する	con-（強調）＋tamen→tehg-（触る）
1530	swell	膨張する　腫れる	swellana（膨らむ）
1531	delete	削除する　消す	"de ""~から、離"" + linere ""塗る、拭く"""
1532	tolerate	許容する　我慢する	tolero（重さに耐える）
1533	envy	うらやむ	中を（in-）見る（video）こと（-ia）
1534	pray	祈る	prek-（頼む）
1535	confess	告白する	com (一緒/完全に)とfess (認める/話す)
1536	resign	辞任する	re（?に反して）sign（署名する）
1537	dissolve	溶かす	dis-（ばらばらに）＋solvo（解く）
1538	unfold	（閉じたものを）開く	un(反対)＋fold(折りたたむ）
1539	awaken	目覚めさせる	a(強意/on)+wake(目覚めている）+en（動詞化語尾）
1540	conceive	思いつく	con-（一緒に）＋capio（取る）
1541	entrepreneur	起業家　事業家	entre（〜の間で）＋prendre（取る）
1542	stake	利害関係	stako（杭）
1543	surplus	余剰　過剰	super-（超えて）＋plus（[more] もっと多くの）
1544	inflation	インフレーション	in-（〜の中に）＋flo（吹き込む）
1545	sweatshop	搾取工場	sweat「汗」「生き血」
1546	clash	衝突	擬音語
1547	sociology	社会学	socio-（社会）＋-logie（研究）
1548	ideology	イデオロギー　思想傾向	ideo-（イデア）＋-logie（知識体系）→idea（心の目でしか見えない真実の姿）
1549	margin	余白	marg-（境界）
1550	realm	領域	regalimen（王国）→?regalis（王の）
1551	domain	分野	domus（家）→dem-（建設する）＝「領地」
1552	algorithm	アルゴリズム	アラビアの数学者フワーリズミー
1553	prairie	大草原	pratum（牧草地）
1554	frontier	最先端	front（前線）＋-iere（場所）
1555	bullet	銃弾	bhew-（膨らむ）「小さい球体」
1556	shield	縦　防御物	(s)kelH-（割る）
1557	despair	絶望	de （無し）+ sperare （望む）
1558	radiation	放射能　放射線	radius 「光線（ray）」
1559	placebo	偽薬　プラシーボ	place? (“私は喜ばせよう”)
1560	nursery	託児所	nutrio（乳を飲ませて養う）
1561	spouse	配偶者	sponsus（誓った）
1562	makeup	化粧	make(作る）＋up(上げる）
1563	mummy	ミイラ	"mum ""ろう；ろう状物"" "
1564	flesh	（人・動物の）肉	plehk-（剥がす） 「骨周りの肉を剥ぐこと」
1565	limb	手足	lei-（曲がる）
1566	odor	におい	hed-（匂いがする）
1567	laundry	洗濯（物）	lavo（洗う）
1568	tide	潮（の干満）	tidiz（時間；周期）
1569	questionnaire	アンケート	questio（異端審問）＋-arius（動作主）
1570	nonsense	ばかげた物[話・考え]	non（否定）+sense(感覚/思慮分別）
1571	revenge	復讐	re-（強調）＋vengier（復讐する）→vis（暴力）＋dico（言う）
1572	intellect	知性	inter（間）+lect（集める）
1573	hospitality	親切なもてなし　歓待	hospes「客人の保護者」
1574	librarian	司書　図書館員	library（図書館）＋-an（従事するひと）→liber（本）
1575	manuscript	（手書きの）原稿	manu（手で）＋scriptus（書かれた）
1576	obsession	（考えなどに）取りつかれること	ob-（〜に対して）＋sedeo（座る）
1577	hygiene	衛生（状態）	Hygeia（ハイジア。ギリシャ神話「健康の女神」）
1578	paradigm	理論的枠組み　パラダイム	"para- ""…のそばに""  + deiknynai ""示す""　原義は「モデル」"
1579	legitimate	合法的な	legis（法律）＋-imus（最も）
1580	authentic	本物の	autos（自分自身）＋hentes（行為者）「権威ある独裁者」
1581	empirical	経験的な	en-（〜の中に）＋peira（実験、試み）
1582	immense	膨大な	in-（否定）＋mensus（測った）
1583	absurd	ばかげた	ab-（離れて）＋surdus（静かな）
1584	weird	異様な　奇妙な	wyrd（運命）
1585	accidental	偶然の　	ad-（〜へ）＋cado（落ちる）
1586	uneasy	不安な	un-（否定）＋easy（気楽に）
1587	jealous	嫉妬深い	zelus（熱意）＋-osus（満ちた）
1588	feminine	女らしい	femina（女性）
1589	swift	素早い	sweyb-（さっと動かす）
1590	hollow	空洞の	hulaz（空洞）
1591	crude	大まかな	krewh-（血の滴る生肉）
1592	sore	痛い	sairaz（痛い）
1593	pessimistic	悲観的な	pessimus（最悪の）＋-iste（人）→ped-（つまずく；落ちる）
1594	vain	無駄な	vanus（空っぽな；中身のない）
1595	susceptible	影響を受けやすい	"sub ""下から上へ"" + capere ""取る"" "
1596	edible	食用の　食べられる	edere「食べる」
1597	sheer	純然たる　真の	skey-（輝く）
1598	explicit	明白な	ex-（〜の外へ）＋plico（折る）
1599	prone	なりやすい	pronus「前に傾いた」
1600	affluent	裕福な	ad-（〜へ）＋fluo（流れる）
1601	collaborate	共同して働く	com(一緒)+labore(働く)
1602	exert	及ぼす	ex(外)+serere(つなぐ)
1603	excel	秀でている	ex-（〜から出て）＋cello（高くなる）
1604	prosper	栄える　成功する	pro-（〜に対して）＋spes（希望）
1605	surge	殺到する　	sub-（〜の下から上へ）＋rego（真っすぐに導く）
1606	intervene	介入する	inter-（〜の間に）＋venio（来る）
1607	insert	挿入する	in-（〜の中に）＋sero（つなげる）→?ser-（糸）
1608	overtake	追い抜く	over-（越えて）＋take（取る）
1609	snap	パチンと鳴らす	snappen （素早い、突然、噛む、切る）
1610	carve	彫る	gerbh-（刻む）
1611	addict	中毒になる	ad-（〜へ）＋dico（言う）
1612	condemn	非難する	com-（強調）＋damno（糾弾する；刑を宣告する）→damnum（危害）
1613	convict	有罪を宣告する	com(強調)とvincere(征服する)
1614	dictate	指図する	dico（言う）＋-to（反復）
1615	prescribe	（薬などを）処方する	prae-（〜の前に）＋scribo（書く）
1616	inhibit	抑制する	in(中)+habere(持つ)
1617	stray	はぐれる（道に）迷う	舗装された（strata）道（via）
1618	roam	歩き回る	raimona（歩き回る）
1619	enclose	同封する	in-（〜の中に）＋claudo（閉じる）
1620	execute	実行する	ex（外に、最後まで)+sequte（ついていく、伴う）
1621	coincide	同時に起こる	con-（一緒に）＋incido（起こる）→?in-（〜の中に）＋cado（降る）
1622	lag	遅れる	lewh-（[slacken] 緩める）
1623	cling	しがみつく	klingana（くっつく）→gley-（粘着する） 「粘着すること」
1624	erase 	消す	ex-（外へ）＋rado（こする）
1625	grind	（穀物などを）ひく	ghrendh-（粉砕する）
1626	knit	編む	knutto（結び目）
1627	inquire	尋ねる	in-（〜の中に）＋quaero（探し求める）
1628	betray	うっかり表す	be-（強調）＋traien（裏切る）
1629	leak	漏れる	lekana（滴る） 「少しずつ漏れること」
1630	smash	粉砕する	おそらく擬音語
1631	bounce	跳ねる	bunsen（打つ）→擬音語
1632	sprawl	（都市などが）不規則に広がる	sper-（まき散らす）
1633	converse	会話をする	con-（一緒に）＋verto（向きを変える）
1634	recite	暗唱する	re-（再び）＋cito（呼び出す）
1635	disregard	無視する	dis-（否定）＋re-（再び）＋guarder（じっと見る） 「見ないこと」
1636	frown	眉をひそめる	frogna（鼻の孔）
1637	evoke	呼び起こす	ex-（〜の外へ）＋voco（呼ぶ）
1638	pledge	誓う　約束する	plehana（味方する）
1639	aspire	熱望する	ad-（〜に向かって）＋spire（息を吹きかける）
1640	contemplate	熟考する	con-（一緒に）＋templum（神殿；占いの儀式を行う場所）
1641	grace	優美　優雅	gratus（喜ばせる）「人を喜ばせるような美しさ」
1642	enlightenment	啓蒙　啓発	 en- (中）+ lighten（照らす(光＋動詞化）)
1643	commerce	商業	com-（一緒に）＋merx（商品）
1644	draft	下書き	dragana（引く）
1645	barrel	バレル	bar（横木）
1646	timber	木材	dem-（建てる）
1647	garment	衣服	garnir（衣服を着せる；よろいを付けさせる）＋-ment（こと）
1648	thread	糸	threana（糸をより合わせる）
1649	cabinet	内閣	cabin（山小屋）＋-et（指小辞）
1650	bureau	（官庁の）局	burrus（赤い）
1651	autonomy	（個人の）自律	auto（自分）とnomos（法）
1652	toll	損害（の程度）	tullo（[that is counted] 数えること）
1653	discourse	話し合い　会話	様々な（dis-）話題を巡って（curro）話すこと
1654	superstition	迷信	super- 「〜を超えて」+ st? 「立つ」
1655	glimpse	ちらりと見えること	gleam(かすかな光)
1656	arithmetic	計算	"arithmos ""数、数えること"""
1657	glossary	用語小辞典	"gl?ssa ""死語、外来語"""
1658	archive	記録文書　公文書	arkh?（政府・起源・最初）
1659	legacy	遺産	lego（読む；選ぶ）
1660	anthropology	人類学	anthropo（人間）+logy（学問）
1661	rage	激怒	rabio（発狂する）
1662	sorrow	悲しみ	sorwe（悲しみ）
1663	psychiatrist	精神科医	psychiatry（精神医学）＋-ist（従事する人）psyche（霊魂）
1664	ward	行政区	wardo（保護）→wer-（注意する）
1665	stall	露店	stel-（置く）
1666	flame	炎	bhel-（輝く）
1667	moisture	水分	moiste（湿った）＋-eur（動作主）
1668	irony	皮肉	eironeia（皮肉；無知を装うひと）
1669	warrior	戦士	werro（争い）→wers-（混乱させる）
1670	astronomy	天文学	astron（星）＋nomos（法則）
1671	probe	（無人）宇宙探査機	probus（良い）「良いかどうか調べること」
1672	altitude	高度　標高	altus（高い）＋-tudo（抽象名詞）
1673	tumor	腫瘍	"teue- ""膨らむ"""
1674	defect	欠陥	de-（〜から下に）＋facio（作る）
1675	sanitation	公衆衛生（学）	"sanus ""健康な、正気の"" "
1676	longevity	長寿	longus(長い)+aevum(年齢)
1677	scope	（活動・能力などの）範囲	scopus（標的）→spek-（見る）
1678	sentiment	感情	sent-（感じる）
1679	plausible	もっともらしい	plaudo（拍手する）＋-iblis（可能な）
1680	vigorous	精力的な	vigere(元気な)
1681	masculine	男らしい	mas（男性）＋-culus（指小辞） 「男性に属すること」
1682	rigid	厳しい	rigeo（硬直している）＋-idus（状態）
1683	adverse	不都合な	ad-（〜へ）＋verto（回転する）
1684	coherent	一貫した　筋の通った	com(一緒)+haerere(付着)
1685	literal	文字どおりの	littera（文字）＋-alis（〜の）
1686	arbitrary	恣意的な	arbiter（権力者）
1687	anonymous	匿名の	an-（無い）＋onoma（名前）
1688	antique	骨董の　アンティークの	ante（前に）
1689	eternal	永遠の	aevum（永遠；長い時間）
1690	intermediate	中級の	inter-（〜の間に）＋medio（間にある）
1691	subordinate	下位の	sub(下)とordinare(配列する)「序列で下にいる」
1692	gloomy	陰気な	glom（薄明り；暗がり）
1693	thermal	熱の　熱による	therm（熱）
1694	faint	かすかな	feynt（弱い）
1695	naive	お人よしの　愚直な	naif (生まれたままの）
1696	apt	傾向がある	apo（合わせる）
1697	arrogant	横柄な　傲慢な	ad(方向)+rogare(求める)
1698	extrovert	外交的な	extra(外側)+vertere(向く)
1699	conspicuous	目立つ	con-（強調）＋specio（見る）
1700	intact	損なわれていない　手つかずの	in-（否定）＋tactus（触れられた）
1701	embody	具現する	em-（中に）＋body（体）
1702	illuminate	照らす	in-（中に）＋→lumen（光）＋-o（する）→lux（光）
1703	console	慰める	con-（強調）＋solor（慰める）
1704	verify	正しさを証明[確認]する	ver(真実の)+fy（にする)
1705	disclose	公表する　暴く	dis（反対の）'+'close（閉じる）'
1706	stack	積む　積み重ねる	"stakon- ""杭"""
1707	rotate	回転する	rota（車輪）＋-o（動詞語尾）
1708	constrain	強いる	com(一緒)+stringere(引っ張る)
1709	hinder	妨げる	hindrona（妨げる）
1710	withstand	耐える	with-（〜に対して）＋standan（立つ）
1711	tweet	ツイートする　つぶやく	鳥のさえずり(擬音語）
1712	sneeze	くしゃみをする	擬音語
1713	erupt	（火山が）噴火する	ex-（〜の外へ）＋rumpo（破裂する）
1714	blur	ぼかす	？
1715	overlap	（一部）重なる	over(上)＋lap(囲む）
1716	embed	埋め込まれる　はめ込まれる	em-「中に」+bed「地面を掘って作られた床→ベッド」
1717	displace	取って代わる	dis(離）＋place(置く）
1718	render	（ある状態に）する	re-（戻って）＋do（与える）
1719	plunge	突っ込む	plumbum（鉛）「海へ鉛（plumbum）を投げ込むこと」
1720	surrender	放棄する　引き渡す	sur-（〜の向こう側に）＋rendre（引き渡す）→?re-（戻って）＋do（与える）
1721	plug	プラグを電源に差し込む	plugge（栓）
1722	suck	吸う	su-（吸う）
1723	mock	ばかにする	mocquer（あざ笑う）
1724	tease	からかう	taisijan（強く引っ張る）
1725	soothe	なだめる	sothen（真実であることを立証する） 「真実を示して安心させること」
1726	stain	汚す	steinn（無機顔料）→stainaz（石）
1727	shun	避ける	"おそらくskeu- ""覆う　隠れる"""
1728	stumble	よろけながら歩く	stam-（つまずいて転ぶ）
1729	flush	紅潮させる	flowen（流れる）＋guschen（勢いよく流れる）
1730	impair	損なう	im-（中に）＋peioro（悪くする） 「悪い状態にすること」
1731	presume	思う	prae-（〜の前に）＋sumo（取る）
1732	contend	主張する	con-（一緒に）＋tendo（伸ばす）
1733	roar	うなる　ほえる	raw-（大声を出す）
1734	haunt	（記憶・考えなどが）つきまとう	hanter（頻繁に訪れる）
1735	divert	（注意などを）そらす	dis-（離れて）＋verto（向きを変える）
1736	await	待つ	a-（方へ）＋waiter（見張る）
1737	fetch	（行って）持って[連れて]くる	fatjana（取ってくる）→ped-（歩く）
1738	unify	統合[統一]する	unus（一の）＋facio（する；作る）
1739	inspect	点検する	in-（〜の中に）＋specio（見る）
1740	entail	伴う　引き起こす	en-（〜の中に）＋tailler（切る）
1741	tactics	作戦　方策	tasso（整列させる）
1742	feat	偉業　功績	fet（行い）
1743	prestige	名声	praestigiae（手品師の手品）＋-osus（〜の多い）
1744	analogy	類推	ある論理（logos）の上で（ana-）似ている点
1745	conscience	良心	conscio（良く知る）＋-ens（現在分詞語尾）→con-（一緒に）＋scio（知る）
1746	textile	織物	texo（織る）＋-ilis（されたもの）
1747	deficit	赤字　不足	de-（〜から下に）＋facio（作る）
1748	plague	疫病	plaga（一撃） 「大打撃」
1749	hazard	危険（要素）	hasart（さいころを使った博打）→az-zahr（さいころ）
1750	metabolism	（新陳）代謝　代謝作用	meta(超える)+ballein(投げる)
1751	paralysis	麻痺	para(隣)+lyein(緩める)
1752	grid	（電気などの）供給網	肉を grill するための「(鉄製の)焼き網」
1753	carriage	馬車	carrus（荷馬車）→kers-（走る）
1754	friction	不和	frico（摩擦する）＋-tio（こと）
1755	rebel	反逆者	re-（後ろへ）＋bello（戦争をしかける）
1756	regime	政権　政体	"reg- ""直線運動""""まっすぐに向ける"" →""導く、支配する"""
1757	monopoly	独占（権）	monos（単一の）＋poleo（売る）
1758	staple	必需商品	stebh-（杭）「U字型の杭」
1759	merchandise	商品	marchaunt（商人）＋-ise（名詞）
1760	vendor	物売り　行商人	vend(売る）
1761	supervisor	監督者	super-（〜の上に）＋video（見る）
1762	predecessor	前任者	prae-（〜の前に）＋decessor（立ち去る人）→de-（〜から離れて）＋cedo（行く）
1763	personnel	職員　社員	persona（人物）＋-alis（〜の）
1764	vessel	船舶	vas（器）＋-culum（指小辞）
1765	liver	肝臓	leyp-（粘着性の）
1766	duration	（時間の）継続　持続（時間）	deru-（硬い）「途絶えずに持ちこたえること」
1767	certificate	証明書	certus(確実)+facere(する)
1768	geometry	幾何学	geo-「土地、地球」+metry「測定法」　meh-（測る）
1769	symmetry	（左右）対称	syn-（一緒に）＋metron（長さ）→?meh-（測る）
1770	biography	伝記	bios（人生）＋grapho（書く）
1771	masterpiece	傑作	master（名人）＋piece（一つの作品）
1772	rhyme	押韻詩	rim（数；数える）と ryme（詩；韻文）との混合
1773	premium	保険料	prae-（〜の前に）＋emo（買い取る）
1774	breakdown	崩壊	break（壊す）＋down（停止して；下に）
1775	courtesy	礼儀正しさ	cort（宮廷）
1776	protocol	（条約）議定書	protoa（最初の）＋kolla（のり）→per-（前に）「のり付けされた最初の紙」
1777	specimen	標本	spek-（見る）
1778	thesis	論文	tithemi（置く）＋-sis（こと）
1779	eligible	適格の　資格のある	ex-（〜の外へ）＋lego（選ぶ）
1780	intrinsic	固有の　本質的な	intrin-「中に」+sic「つながっている」
1781	diligent	勤勉な	di-（徹底的に）＋lego（選ぶ；欲する）「熱意を持って励む状態」
1782	vocational	職業の　職業訓練の（ための）	vocatio（神のお召し）→vox（声）
1783	bankrupt	破産宣告を受けた	banca（両替所のベンチ）＋rotta（破壊された）
1784	stern	厳しい	ster-（硬い）
1785	stubborn	頑固な　強情な	styb（木の株）
1786	maternal	母の　母親らしい	mater(母)
1787	fertile	肥沃な	fero（持ち運ぶ；生み出す）＋-ilis（能力のある）「生み出す能力のあること」
1788	ripe	熟した	h?rep- 「素早くつかみ取る/奪い取る」 ⇒ 『刈り取る準備ができた』 
1789	stiff	硬直した　凝った	steyg-（硬直した）
1790	obsolete	廃れた　使われなくなった	ob-（対して）＋soleo（慣れた）
1791	vacant	空いている	vaco（空っぽの）
1792	acoustic	音響の	a(連結接頭辞？）＋kous（聴く、聴こえる）
1793	preliminary	予備の　準備の	prae-（前の）＋limen（出入口；始まり）→limus（横軸；傾いているもの）
1794	approximate	おおよその	ad-（〜へ）＋prokwe（近い）＋-tmmo-（最も）
1795	implicit	暗黙の	in-（〜の中に）＋plico（折る）
1796	punctual	時間を守る	punctus（点）＋-alis（〜の）→pungo（刺す）
1797	compatible	矛盾しない	com-（一緒に）＋patior（苦しむ）＋-ibilis（〜できる）
1798	ample	十分すぎるほどの	ambi-（両方）＋pleh-（満ちる）
1799	pervasive	隅々に広がった	per「徹底的に」vade「進んで行く」＝「すっかり行き渡っている」
1800	ubiquitous	至る所にある	ubique（どこでも）＋-itas（抽象名詞語尾）→ubi（どこ）＋-que（両方）
1801	deduce	推測する　演繹する	de(下)+ducere(導く)
1802	simulate	模擬実験する	similis(似た）+ate(〜にする）
1803	merge	合併する	mergo（水に浸す）
1804	penetrate	浸透する	penets（食べ物）（内側に入る←食物の貯蔵場←食べ物）
1805	cater	料理をまかなう	catour（仕入れ係）
1806	assault	暴行する	ad(方向)とsaltus(跳ねる)
1807	torture	拷問にかける	torqueo（ゆがめる）＋-tura（こと）
1808	bleed	出血する	blotha（血）
1809	erect	建てる	ex-（〜の上へ）＋rego（真っすぐに導く）
1810	cherish	大切にする	carus（最愛の）
1811	arouse	（感情など）を引き起こす	a(=on)+rouse(鷹が羽毛を震わせる）
1812	doom	運命にある	domaz（裁判）
1813	mourn	悼む	mer-（思い出す）
1814	dread	ひどく恐れる	redana（助言する） 「警告で恐れること」
1815	nourish	栄養を与える	nutrio（乳を飲ませて養う）
1816	inject	（人に）注射する　注入する	in-（〜の中に）＋ject(iacio（投げる）)
1817	swear	ののしる	swer-（声高に話す）「声高に話すこと」
1818	bid	値をつける	beudana（申し出る）
1819	corrupt	堕落させる	完全に（com-）壊れた（ruptus）
1820	preoccupy	心を奪う　夢中にさせる	prae-（〜の前に）＋occupo（占める）
1821	browse	拾い読みする	brousen(若葉 新芽 若葉を食べる)
1822	compile	編集する	com-（一緒に）＋pilo（毛を抜く）→?pilus（毛）「毛を抜いて一緒にすること」
1823	allocate	割り当てる　分配する	ad-（〜へ）＋loco（置く）→?locus（特定の場所）
1824	offset	相殺する　埋め合わせる	off ＋ set 「設定・設置した」
1825	restrain	制止する	re-（後ろへ）＋stringo（きつく締める；圧迫する）
1826	comply	従う　応じる	com-（強調）＋pleo（満たす）
1827	expire	期限が切れる	ex-（外側へ）＋spiro（息をする）「息を引き取る；息を吐き出すこと」
1828	embark	乗り出す	"en- ""中""+ barque ""小型船"""
1829	flap	パタパタ動く	おそらく擬音語
1830	furnish	備えつける	fornir（供給する）
1831	forge	偽造する	faber（鍛冶職人）
1832	thrust	押しつける	trewd-（押す）
1833	dispatch	派遣する	dis(ばらばらに）＋patch(語源混乱）
1834	resent	憤慨する	re-（強調）＋sent-（感じる） 「激しく感じること」
1835	reconcile	一致させる	re-（再び）＋con-（一緒に）＋calo（呼ぶ）「調停して仲直りさせること」
1836	allege	主張する	ad-（方へ）＋lego（大使を送り出す）→ lex（法） 「法廷で権限を持つ代理人が主張すること」
1837	oppress	抑圧[迫害]する	ob-（〜に対して）＋premo（押し付ける）
1838	expel	追放する	ex-（外へ）＋pello（押し出す）
1839	ascend	上がる	ad(方向)とscandere(登る)
1840	commence	始まる	cominitio（開始する）→?com-（強調）＋initio（始める）
1841	advent	出現　到来	ad-（〜へ）＋venio（来る）
1842	reign	治世	regno（君臨する）→rex（王）
1843	diplomacy	外交（的手段）	dis-（ふたつに）＋ploos（折る）→pel-（折る） 「二つ折りにした紙」
1844	embassy	大使館	" ambhi- ""周囲"" + ag- ""動かす 引き出す"""
1845	exile	亡命（者）	ex-（〜の外へ）＋sel-（跳ぶ） 「国外へ飛ばされること」
1846	refuge	避難（所）	re-（後ろへ）＋fugio（逃れる）
1847	plight	窮状	plit（折り目）＋pliht（危険な）
1848	solitude	ひとりでいること	solus（孤立した）＋-tudo（状態）
1849	fallacy	誤った考え　誤信	fallo（間違える）＋-ax（傾向がある）
1850	latitude	緯度	latus(幅)
1851	eclipse	（日食・月食などの）食	es-（外へ）＋leipo（去る）
1852	basin	流域	baccinum（幅があるボウル）→bhask-（束）
1853	erosion	浸食	ex-（徹底的に）＋rodo（かじる）
1854	archaeology	考古学	arkhaios（古代の）＋logos（話し）→arkho（始める）
1855	errand	（人の）使い　使い走り	aerend＝メッセージ、使命、答え
1856	mercy	慈悲	merces（支払い）→?merx（商品）
1857	rhetoric	修辞（法）	"rhesis ""演説"" rhema ""単語　句　動詞"" に関連"
1858	verse	韻文	versus（詩の一行、鋤で耕した畝）→verto（土をすき返す）
1859	congestion	混雑	con-（一緒に）＋gero（運ぶ）
1860	sewage	下水	sewer（下水道）＋-age（もの）
1861	complement	補完物　補足	com-（強調）＋pleo（満たす）
1862	subsidy	補助金	subside(座る）sub(下）+side(落ち着く）
1863	mortgage	住宅ローン	mort(死)+gage(抵当物/約束)
1864	attorney	弁護士	atorne（譲渡した） 「本人の代理としての権限を譲渡した人」
1865	outfit	衣装一式	out（外に）＋fit（装備を取りつける）
1866	bulk	大半	bulki（船の積み荷）→bhel-（膨らむ）
1867	reunion	再会（の集い）	re-（再び）＋union（結合）→unus（一の）
1868	synthesis	合成	syn(一緒)+tithenai(置く)
1869	mold	鋳型	med-（測定する） 「金属を流し込む型」
1870	thirst	（のどの）渇き	ters-（乾いた）
1871	greed	強欲	gher-（欲しがる）
1872	bribe	賄賂	briber（物乞いをする）
1873	contempt	軽蔑	con-（強調）＋temno（軽蔑する）の過去分詞 →temh-（切りつける）「軽蔑する；心に傷を負わせること」
1874	texture	感触　手触り	teks(織る）
1875	orphan	孤児	orb（孤児）
1876	harassment	嫌がらせ　ハラスメント	harer(犬をけしかける）
1877	hay	干し草	haujam（切り取られたもの）
1878	doctrine	教義	doceo（教える）→dek-（分かる）
1879	holistic	全体論の	holos (全体) 
1880	liable	しがちな	lier（縛る）＋-able（〜できる）→?ligo（縛る）
1881	earnest	まじめな　熱心な	ernustuz（本気の）→er-（行動を起こさせる）
1882	intelligible	（簡単に）理解できる	inter-（間に）＋lego（読み取る；選ぶ） 「理解できること」
1883	abrupt	突然の	ab-（〜から離れて）＋rumpo（引き裂く）
1884	reckless	無謀な	reck（気に掛ける）＋-less（〜が無い）
1885	furious	激怒した	furia（激怒）＋-ous（多い）
1886	eloquent	雄弁な	ex(外)とloqui(話す)
1887	juvenile	青少年の	iuvenis（若い）
1888	notorious	悪名高い	notus（知られている）→nosco（知る）
1889	timid	臆病な	timeo（怖がる）＋-idus（状態）
1890	humid	湿気のある	humeo（湿り気のある）＋-idus（状態）
1891	contagious	感染（性）の	con（共に）+ tag（触れる）→ 「触れ合っている」
1892	cynical	冷笑的な　皮肉な	kunikos（犬のような）→kuon（犬）
1893	dumb	ばかげた	dumbaz（言葉の不自由な）→dhewbh-（暗い）
1894	monotonous	単調な	mono-（一つ）+ tone（音） + -ous(多い）
1895	perpetual	永続的な	per-（[through] 始終）＋peto（向かって突進する）
1896	dizzy	目まいがする	dusigaz（目が回った）→dhewbh-（はっきりしない）
1897	weary	疲れ果てた	weri（疲れた）
1898	numb	麻痺した　無感覚な	nome 〈取られた〉
1899	mortal	致命的な	mors（死）
1900	zealous	熱心な	zelus（熱意）＋-osus（満ちた）→zelos（熱情；欲望の対象）
